{"type":"FeatureCollection","features":[{"type":"Feature","properties":{"kind":"land"},"geometry":{"type":"Polygon","coordinates":[[[96.494,5.229],[96.616,5.221],[96.843,5.275],[97.192,5.207],[97.451,5.236],[97.548,5.205],[97.908,4.881],[97.998,4.662],[98.247,4.415],[98.272,4.322],[98.24,4.195],[98.308,4.092],[98.657,3.927],[98.78,3.759],[99.15,3.582],[99.734,3.183],[99.906,2.988],[100.126,2.648],[100.526,2.19],[100.684,2.12],[100.889,1.948],[100.878,2.051],[100.817,2.139],[100.828,2.242],[100.936,2.294],[101.048,2.257],[101.3,2.013],[101.404,1.757],[101.476,1.693],[101.786,1.622],[102.099,1.358],[102.239,0.99],[102.39,0.843],[102.567,0.749],[102.848,0.716],[102.948,0.664],[103.067,0.492],[103.006,0.416],[102.786,0.297],[102.549,0.216],[102.894,0.278],[103.337,0.514],[103.478,0.48],[103.672,0.289],[103.787,0.047],[103.427,-0.192],[103.413,-0.241],[103.445,-0.272],[103.406,-0.362],[103.496,-0.418],[103.51,-0.466],[103.431,-0.534],[103.438,-0.576],[103.532,-0.755],[103.722,-0.886],[104.061,-1.022],[104.198,-1.055],[104.36,-1.039],[104.381,-1.074],[104.518,-1.699],[104.514,-1.819],[104.568,-1.921],[104.846,-2.093],[104.828,-2.234],[104.648,-2.43],[104.63,-2.543],[104.651,-2.595],[104.698,-2.598],[104.878,-2.419],[104.972,-2.371],[105.285,-2.357],[105.396,-2.379],[105.584,-2.492],[106.044,-3.107],[106.059,-3.218],[105.9,-3.411],[105.843,-3.614],[105.85,-3.73],[105.929,-3.832],[105.832,-4.162],[105.886,-4.555],[105.886,-5.009],[105.818,-5.676],[105.749,-5.818],[105.62,-5.799],[105.522,-5.673],[105.35,-5.549],[105.08,-5.746],[104.64,-5.52],[104.619,-5.641],[104.684,-5.893],[104.601,-5.905],[104.068,-5.386],[103.83,-5.079],[102.92,-4.471],[102.538,-4.152],[102.372,-3.97],[102.128,-3.6],[101.577,-3.168],[101.307,-2.728],[101.12,-2.588],[100.889,-2.249],[100.85,-2.143],[100.857,-1.935],[100.486,-1.3],[100.31,-0.827],[99.86,-0.314],[99.669,0.046],[99.334,0.209],[99.158,0.351],[98.798,1.495],[98.596,1.865],[98.085,2.195],[97.797,2.283],[97.7,2.358],[97.592,2.846],[97.39,2.976],[96.969,3.575],[96.8,3.709],[96.526,3.766],[96.443,3.816],[96.231,4.073],[95.99,4.263],[95.579,4.662],[95.432,4.865],[95.208,5.283],[95.248,5.41],[95.226,5.565],[95.28,5.592],[95.396,5.629],[95.738,5.58],[96.134,5.294],[96.494,5.229]]]}},{"type":"Feature","properties":{"kind":"land"},"geometry":{"type":"Polygon","coordinates":[[[79.984,9.813],[80.254,9.797],[80.376,9.642],[80.711,9.366],[80.895,9.085],[80.934,8.972],[81.017,8.932],[81.197,8.662],[81.226,8.505],[81.373,8.431],[81.435,8.118],[81.665,7.783],[81.683,7.684],[81.831,7.429],[81.874,7.288],[81.863,6.901],[81.769,6.615],[81.636,6.426],[81.305,6.203],[80.725,5.979],[80.495,5.95],[80.268,6.009],[80.095,6.153],[79.858,6.83],[79.714,8.182],[79.75,8.294],[79.75,8.049],[79.782,8.019],[79.807,8.05],[79.851,8.412],[79.941,8.691],[79.93,8.899],[80.067,9.096],[80.099,9.21],[80.117,9.326],[80.085,9.578],[80.319,9.465],[80.427,9.481],[80.387,9.549],[80.257,9.611],[80.045,9.649],[79.955,9.743],[79.984,9.813]]]}},{"type":"Feature","properties":{"kind":"land"},"geometry":{"type":"Polygon","coordinates":[[[53.11,38.804],[53.099,38.757],[53.045,38.898],[53.02,39.052],[53.052,39.097],[53.092,39.094],[53.056,39.038],[53.11,38.804]]]}},{"type":"Feature","properties":{"kind":"land"},"geometry":{"type":"Polygon","coordinates":[[[-180.0,68.984],[-179.597,68.906],[-179.471,68.913],[-179.28,68.824],[-178.873,68.753],[-178.538,68.585],[-178.751,68.661],[-178.693,68.547],[-178.099,68.425],[-178.02,68.323],[-178.056,68.265],[-177.797,68.338],[-178.283,68.519],[-178.373,68.566],[-178.25,68.542],[-177.527,68.295],[-177.638,68.241],[-177.588,68.224],[-177.408,68.245],[-177.296,68.222],[-175.345,67.679],[-175.241,67.521],[-175.234,67.446],[-175.374,67.358],[-175.154,67.366],[-175.003,67.437],[-174.848,67.349],[-174.87,67.269],[-174.931,67.203],[-174.938,67.094],[-174.884,67.0],[-174.784,66.917],[-174.773,66.785],[-174.87,66.726],[-174.924,66.623],[-174.676,66.604],[-174.503,66.538],[-174.395,66.344],[-174.208,66.453],[-174.085,66.474],[-174.017,66.382],[-174.064,66.229],[-173.902,66.311],[-173.776,66.434],[-173.92,66.523],[-174.103,66.54],[-174.197,66.582],[-174.233,66.632],[-174.06,66.689],[-174.006,66.779],[-174.085,66.943],[-174.341,67.04],[-174.521,67.049],[-174.55,67.09],[-173.884,67.106],[-173.678,67.144],[-173.156,67.069],[-173.322,66.955],[-173.344,66.91],[-173.347,66.851],[-173.261,66.84],[-173.174,66.865],[-173.228,66.969],[-173.192,66.993],[-172.962,66.943],[-172.642,66.925],[-172.519,66.953],[-173.002,67.035],[-173.009,67.064],[-171.796,66.932],[-171.36,66.677],[-170.928,66.529],[-170.51,66.344],[-170.474,66.319],[-170.604,66.248],[-170.302,66.293],[-170.194,66.201],[-170.244,66.17],[-169.779,66.142],[-169.729,66.057],[-169.83,65.998],[-170.003,66.033],[-170.161,66.009],[-170.539,65.865],[-170.564,65.823],[-170.561,65.656],[-170.665,65.622],[-171.119,65.694],[-171.421,65.811],[-171.45,65.793],[-171.403,65.752],[-171.133,65.629],[-171.054,65.55],[-171.104,65.51],[-171.468,65.533],[-171.907,65.497],[-171.958,65.542],[-172.282,65.582],[-172.436,65.67],[-172.782,65.681],[-172.555,65.613],[-172.354,65.497],[-172.418,65.45],[-172.231,65.455],[-172.213,65.425],[-172.31,65.276],[-172.663,65.248],[-172.285,65.205],[-172.224,65.129],[-172.213,65.049],[-172.591,64.908],[-172.998,64.877],[-173.066,64.847],[-173.084,64.818],[-172.998,64.837],[-172.8,64.79],[-172.922,64.705],[-172.901,64.629],[-172.487,64.543],[-172.379,64.432],[-172.739,64.412],[-172.793,64.498],[-172.904,64.526],[-172.948,64.507],[-172.915,64.37],[-173.009,64.297],[-173.156,64.28],[-173.275,64.29],[-173.376,64.354],[-173.376,64.41],[-173.308,64.443],[-173.329,64.54],[-173.603,64.365],[-173.729,64.365],[-174.002,64.45],[-174.319,64.637],[-174.571,64.717],[-175.036,64.814],[-175.255,64.793],[-175.442,64.816],[-175.853,65.01],[-175.831,65.106],[-175.856,65.233],[-175.921,65.352],[-176.094,65.471],[-177.055,65.613],[-177.487,65.504],[-178.412,65.495],[-178.506,65.536],[-178.528,65.594],[-178.502,65.74],[-178.79,65.865],[-178.88,65.936],[-178.938,66.033],[-178.747,66.014],[-178.693,66.125],[-178.585,66.198],[-178.528,66.401],[-178.87,66.187],[-179.104,66.233],[-179.107,66.345],[-179.143,66.375],[-179.194,66.312],[-179.341,66.288],[-179.327,66.163],[-179.615,66.128],[-179.683,66.184],[-179.784,66.017],[-179.791,65.901],[-179.73,65.804],[-179.366,65.639],[-179.352,65.517],[-179.705,65.188],[-180.0,65.068],[179.827,65.035],[179.449,64.821],[179.15,64.781],[178.697,64.63],[178.52,64.603],[178.286,64.672],[177.75,64.717],[177.581,64.778],[177.178,65.014],[176.882,65.082],[176.623,65.038],[176.414,65.071],[176.342,65.047],[177.037,65.0],[177.224,64.861],[177.07,64.787],[176.832,64.849],[176.429,64.856],[176.062,64.96],[175.781,64.844],[175.396,64.783],[175.097,64.776],[174.55,64.684],[175.676,64.783],[176.058,64.905],[176.249,64.844],[176.35,64.705],[176.141,64.585],[176.508,64.682],[176.731,64.625],[176.843,64.634],[177.052,64.719],[177.386,64.774],[177.466,64.736],[177.412,64.573],[177.433,64.445],[177.689,64.304],[178.045,64.219],[178.132,64.234],[178.229,64.365],[178.38,64.261],[178.477,64.129],[178.452,64.011],[178.65,63.965],[178.693,63.842],[178.733,63.667],[178.441,63.606],[178.466,63.575],[178.654,63.557],[178.708,63.521],[178.679,63.403],[178.744,63.394],[178.787,63.443],[178.794,63.54],[178.92,63.399],[178.92,63.346],[179.028,63.283],[179.334,63.189],[179.388,63.148],[179.406,63.078],[179.258,63.009],[179.381,62.884],[179.51,62.863],[179.572,62.773],[179.572,62.688],[179.478,62.613],[179.176,62.469],[179.122,62.32],[178.02,62.547],[177.293,62.599],[177.361,62.736],[177.34,62.781],[177.26,62.75],[177.091,62.79],[177.023,62.778],[176.965,62.658],[177.188,62.592],[177.16,62.561],[176.702,62.505],[176.328,62.346],[175.27,62.103],[175.194,62.035],[174.798,61.939],[174.715,61.948],[174.514,61.823],[174.139,61.795],[173.822,61.679],[173.624,61.716],[173.131,61.407],[172.858,61.469],[172.807,61.436],[172.908,61.311],[172.732,61.315],[172.688,61.295],[172.696,61.249],[172.584,61.191],[172.397,61.167],[172.361,61.117],[172.393,61.061],[171.918,60.865],[171.731,60.842],[170.95,60.523],[170.608,60.434],[170.59,60.342],[170.352,59.966],[170.154,59.986],[169.981,60.066],[169.898,60.148],[169.887,60.217],[169.617,60.438],[169.225,60.596],[168.671,60.563],[168.462,60.592],[168.138,60.573],[167.227,60.407],[166.964,60.308],[166.453,59.947],[166.273,59.856],[166.187,59.849],[166.136,59.98],[166.352,60.485],[166.179,60.48],[165.942,60.356],[165.416,60.205],[165.287,60.134],[165.085,60.099],[165.074,59.945],[165.02,59.861],[164.955,59.844],[164.855,59.841],[164.779,59.874],[164.671,59.997],[164.441,60.073],[164.113,59.898],[164.135,59.985],[163.782,60.04],[163.494,59.888],[163.411,59.835],[163.321,59.705],[163.271,59.52],[163.274,59.303],[163.083,59.131],[163.011,59.148],[162.939,59.115],[163.004,59.02],[162.968,58.987],[162.453,58.709],[162.14,58.447],[161.96,58.077],[162.039,57.919],[162.198,57.829],[162.41,57.778],[162.392,57.718],[162.468,57.766],[162.522,57.903],[162.655,57.948],[163.145,57.837],[163.227,57.79],[163.188,57.638],[162.781,57.358],[162.763,57.244],[162.81,57.103],[162.803,56.811],[162.921,56.723],[163.047,56.742],[163.256,56.688],[163.242,56.565],[163.296,56.449],[163.335,56.233],[163.047,56.044],[162.839,56.065],[162.63,56.232],[162.713,56.33],[162.975,56.449],[163.037,56.521],[162.878,56.476],[162.673,56.49],[162.489,56.4],[162.529,56.261],[162.086,56.089],[161.777,55.655],[161.723,55.495],[161.73,55.358],[161.784,55.206],[162.079,54.886],[162.104,54.752],[161.726,54.534],[161.625,54.516],[161.294,54.52],[161.129,54.598],[160.772,54.541],[160.074,54.19],[159.923,54.008],[159.843,53.784],[159.872,53.673],[159.955,53.553],[159.897,53.447],[159.897,53.381],[160.002,53.275],[160.023,53.129],[159.948,53.126],[159.771,53.23],[159.584,53.237],[158.951,53.048],[158.745,52.909],[158.565,53.049],[158.472,53.032],[158.432,52.957],[158.562,52.923],[158.609,52.874],[158.479,52.626],[158.493,52.383],[158.331,52.091],[158.105,51.81],[157.824,51.605],[157.532,51.48],[157.489,51.409],[157.201,51.213],[156.747,50.97],[156.672,51.227],[156.542,51.312],[156.521,51.381],[156.488,51.912],[156.366,52.51],[156.229,52.626],[156.11,52.865],[155.952,53.744],[155.707,54.522],[155.563,55.199],[155.556,55.348],[155.718,56.072],[155.984,56.695],[156.067,56.782],[156.729,57.152],[156.848,57.29],[156.978,57.466],[156.949,57.615],[156.791,57.749],[156.873,57.804],[156.985,57.83],[157.215,57.777],[157.449,57.799],[157.665,58.02],[157.975,57.987],[158.209,58.025],[158.274,58.009],[158.321,58.084],[158.45,58.164],[159.21,58.52],[159.591,58.804],[159.847,59.127],[160.351,59.395],[160.549,59.547],[160.855,59.627],[161.219,59.846],[161.449,60.028],[161.755,60.153],[162.068,60.466],[162.713,60.66],[162.972,60.783],[163.353,60.801],[163.71,60.917],[163.555,61.026],[163.62,61.111],[163.893,61.24],[164.005,61.344],[163.973,61.42],[163.803,61.462],[163.883,61.641],[164.019,61.71],[164.066,61.874],[164.073,62.045],[164.207,62.292],[164.599,62.471],[165.125,62.412],[165.207,62.373],[165.215,62.448],[165.416,62.446],[165.398,62.493],[165.045,62.518],[164.793,62.571],[164.567,62.676],[164.419,62.705],[163.332,62.551],[163.245,62.455],[163.303,62.373],[163.163,62.259],[163.119,62.153],[163.13,62.051],[163.019,61.891],[163.008,61.792],[163.256,61.7],[163.087,61.57],[162.993,61.544],[162.921,61.598],[162.857,61.705],[162.752,61.712],[162.698,61.653],[162.392,61.662],[161.039,60.962],[160.765,60.754],[160.481,60.74],[160.175,60.639],[160.225,60.832],[160.38,61.025],[160.185,61.047],[160.005,61.007],[159.883,60.943],[159.789,60.957],[159.948,61.129],[159.883,61.292],[160.164,61.537],[160.247,61.648],[160.319,61.794],[160.308,61.894],[160.182,61.903],[159.552,61.719],[159.296,61.913],[159.188,61.929],[158.547,61.811],[158.335,61.825],[158.069,61.754],[157.799,61.795],[157.471,61.799],[157.086,61.676],[156.679,61.481],[156.629,61.273],[156.056,60.995],[155.855,60.776],[155.718,60.683],[154.973,60.377],[154.577,60.096],[154.44,59.884],[154.292,59.834],[154.271,59.658],[154.148,59.528],[154.271,59.474],[154.584,59.54],[154.973,59.45],[155.167,59.36],[155.16,59.19],[154.825,59.188],[154.703,59.141],[154.458,59.216],[154.245,59.108],[154.011,59.075],[153.695,59.224],[153.36,59.214],[153.273,59.091],[153.079,59.082],[152.881,58.94],[152.816,58.926],[152.575,58.954],[152.402,59.026],[152.319,59.03],[152.165,58.997],[152.089,58.91],[151.704,58.867],[151.326,58.875],[151.121,59.082],[151.506,59.164],[151.992,59.16],[152.262,59.224],[152.168,59.278],[151.941,59.283],[151.797,59.323],[151.484,59.525],[151.347,59.561],[151.034,59.585],[150.822,59.46],[150.617,59.507],[150.483,59.495],[150.667,59.556],[149.641,59.771],[149.425,59.761],[149.065,59.631],[149.205,59.488],[148.924,59.474],[148.798,59.532],[148.708,59.448],[148.744,59.374],[148.888,59.4],[148.964,59.368],[148.914,59.283],[148.726,59.257],[148.492,59.263],[148.258,59.414],[147.873,59.388],[147.69,59.29],[147.513,59.268],[147.042,59.365],[146.804,59.374],[146.538,59.457],[146.444,59.431],[146.275,59.221],[146.048,59.171],[145.933,59.198],[145.756,59.374],[145.555,59.414],[144.482,59.375],[143.87,59.412],[143.524,59.344],[143.193,59.37],[142.581,59.24],[142.329,59.153],[142.027,59.0],[141.753,58.745],[141.602,58.65],[141.346,58.528],[140.986,58.417],[140.792,58.304],[140.684,58.212],[140.446,57.813],[140.004,57.688],[139.802,57.514],[139.618,57.455],[139.446,57.33],[139.183,57.261],[138.967,57.087],[138.661,56.966],[138.218,56.629],[138.074,56.433],[137.692,56.14],[137.574,56.112],[137.383,55.975],[136.792,55.693],[136.461,55.577],[136.177,55.353],[135.752,55.16],[135.54,55.114],[135.262,54.943],[135.212,54.841],[135.259,54.732],[135.853,54.584],[136.796,54.621],[136.821,54.452],[136.771,54.353],[136.684,53.931],[136.72,53.805],[136.803,53.782],[136.886,53.839],[137.019,53.848],[137.156,53.822],[137.257,54.025],[137.095,54.129],[137.142,54.183],[137.379,54.282],[137.667,54.284],[137.512,54.157],[137.34,54.1],[137.624,53.971],[137.836,53.947],[137.786,53.904],[137.646,53.865],[137.516,53.707],[137.221,53.579],[137.253,53.546],[137.739,53.56],[137.952,53.603],[138.254,53.726],[138.38,53.909],[138.528,53.959],[138.567,53.947],[138.571,53.818],[138.294,53.593],[138.25,53.523],[138.452,53.537],[138.661,53.746],[138.7,53.871],[138.715,54.223],[138.657,54.298],[138.697,54.32],[139.32,54.193],[139.708,54.277],[139.795,54.256],[140.18,54.051],[140.241,54.001],[140.346,53.813],[140.688,53.596],[141.004,53.494],[141.015,53.454],[141.217,53.334],[141.375,53.292],[141.4,53.185],[141.328,53.098],[141.181,53.015],[140.839,53.088],[141.087,52.898],[141.256,52.839],[141.246,52.549],[141.134,52.435],[141.17,52.369],[141.487,52.178],[141.386,52.056],[141.368,51.921],[141.26,51.86],[141.13,51.728],[140.932,51.621],[140.839,51.414],[140.688,51.232],[140.67,51.051],[140.522,50.8],[140.475,50.546],[140.536,50.131],[140.623,50.083],[140.464,49.911],[140.464,49.826],[140.511,49.761],[140.518,49.597],[140.432,49.331],[140.324,49.121],[140.31,49.053],[140.378,48.965],[140.223,48.774],[140.169,48.524],[140.112,48.423],[139.374,47.887],[139.003,47.383],[138.585,47.057],[138.391,46.744],[138.337,46.543],[138.211,46.463],[138.106,46.251],[137.685,45.819],[137.426,45.64],[137.149,45.394],[136.803,45.171],[136.461,44.823],[136.252,44.666],[136.141,44.489],[135.874,44.373],[135.532,43.972],[135.482,43.835],[135.259,43.685],[135.133,43.526],[134.01,42.948],[133.711,42.83],[133.588,42.828],[133.16,42.698],[133.059,42.722],[132.998,42.809],[132.865,42.793],[132.71,42.876],[132.577,42.871],[132.483,42.909],[132.303,42.883],[132.336,43.239],[132.31,43.314],[132.03,43.119],[131.947,43.095],[131.868,43.095],[131.9,43.172],[132.012,43.279],[131.94,43.302],[131.796,43.255],[131.515,42.996],[131.392,42.823],[131.292,42.772],[131.158,42.626],[130.755,42.673],[130.708,42.656],[130.834,42.522],[130.73,42.326],[130.636,42.274],[130.456,42.302],[130.237,42.184],[130.179,42.097],[130.006,41.991],[129.877,41.805],[129.758,41.712],[129.686,41.595],[129.682,41.495],[129.758,41.392],[129.765,41.304],[129.711,41.123],[129.743,40.932],[129.707,40.857],[129.34,40.726],[129.247,40.661],[129.11,40.491],[128.703,40.318],[128.512,40.13],[128.303,40.036],[127.965,39.996],[127.868,39.896],[127.569,39.781],[127.526,39.696],[127.547,39.462],[127.522,39.377],[127.457,39.401],[127.421,39.373],[127.382,39.297],[127.396,39.208],[127.785,39.083],[127.972,38.898],[128.329,38.681],[128.62,38.175],[129.052,37.677],[129.337,37.274],[129.419,37.059],[129.473,36.741],[129.434,36.637],[129.445,36.471],[129.394,36.323],[129.405,36.052],[129.459,36.007],[129.574,36.05],[129.563,35.948],[129.419,35.498],[129.214,35.182],[128.98,35.101],[128.512,35.101],[128.419,35.016],[128.444,34.87],[128.095,34.934],[128.037,35.023],[127.871,34.965],[127.713,34.955],[127.641,34.889],[127.742,34.783],[127.717,34.721],[127.634,34.689],[127.522,34.84],[127.403,34.823],[127.389,34.743],[127.479,34.625],[127.324,34.464],[127.173,34.545],[127.259,34.662],[127.249,34.755],[127.029,34.606],[126.896,34.439],[126.827,34.452],[126.755,34.512],[126.611,34.403],[126.583,34.318],[126.532,34.314],[126.482,34.493],[126.334,34.59],[126.266,34.674],[126.302,34.721],[126.525,34.698],[126.471,34.757],[126.593,34.825],[126.421,34.823],[126.291,35.155],[126.359,35.217],[126.493,35.502],[126.615,35.571],[126.485,35.606],[126.489,35.648],[126.716,35.769],[126.752,35.872],[126.647,35.922],[126.694,36.014],[126.539,36.167],[126.547,36.478],[126.489,36.695],[126.388,36.651],[126.179,36.691],[126.161,36.773],[126.215,36.872],[126.485,37.007],[126.579,37.019],[126.687,36.96],[126.784,36.948],[126.871,36.825],[126.878,36.863],[126.975,36.939],[126.871,36.976],[126.745,37.193],[126.791,37.295],[126.651,37.448],[126.658,37.55],[126.565,37.717],[126.633,37.781],[126.37,37.878],[126.205,37.828],[126.118,37.743],[126.05,37.87],[125.942,37.873],[125.769,37.986],[125.693,37.964],[125.582,37.814],[125.449,37.731],[125.359,37.724],[125.312,37.844],[124.988,37.932],[125.247,38.057],[125.207,38.082],[124.995,38.078],[124.909,38.113],[124.779,38.101],[124.693,38.128],[124.876,38.233],[124.88,38.342],[124.973,38.481],[125.067,38.557],[125.308,38.665],[125.553,38.686],[125.423,38.746],[125.297,38.743],[125.168,38.806],[125.157,38.871],[125.409,39.288],[125.362,39.526],[125.099,39.59],[124.775,39.759],[124.739,39.741],[124.732,39.653],[124.639,39.614],[124.556,39.79],[124.347,39.906],[124.376,39.996],[124.351,40.012],[124.268,39.923],[124.106,39.84],[123.76,39.823],[123.652,39.882],[123.58,39.786],[123.35,39.764],[123.227,39.687],[123.033,39.674],[122.961,39.62],[122.839,39.601],[122.335,39.366],[121.982,39.054],[121.863,38.996],[121.676,39.003],[121.633,38.955],[121.669,38.892],[121.651,38.865],[121.319,38.809],[121.165,38.731],[121.107,38.92],[121.679,39.109],[121.629,39.22],[121.82,39.387],[121.276,39.385],[121.301,39.453],[121.269,39.545],[121.406,39.621],[121.517,39.639],[121.474,39.755],[121.517,39.845],[121.802,39.951],[122.191,40.357],[122.263,40.5],[122.273,40.542],[122.18,40.602],[122.14,40.687],[121.859,40.842],[121.834,40.974],[121.73,40.845],[121.175,40.901],[120.772,40.588],[120.481,40.231],[119.591,39.903],[119.39,39.752],[119.26,39.561],[119.224,39.408],[118.976,39.182],[118.627,39.177],[118.299,39.068],[118.148,39.194],[118.04,39.227],[117.867,39.191],[117.784,39.134],[117.615,38.852],[117.554,38.691],[117.655,38.424],[117.766,38.312],[118.015,38.184],[118.544,38.095],[118.799,38.127],[118.94,38.043],[119.026,37.905],[119.037,37.776],[119.087,37.701],[118.99,37.641],[118.954,37.332],[119.113,37.201],[119.289,37.139],[119.451,37.125],[119.761,37.155],[119.887,37.254],[119.883,37.351],[120.157,37.495],[120.311,37.623],[120.257,37.679],[120.751,37.833],[121.049,37.726],[121.219,37.601],[121.388,37.578],[121.64,37.46],[121.964,37.444],[122.057,37.53],[122.108,37.523],[122.169,37.457],[122.338,37.405],[122.601,37.427],[122.666,37.403],[122.572,37.318],[122.587,37.181],[122.446,37.068],[122.522,37.002],[122.518,36.946],[122.342,36.832],[122.241,36.849],[122.162,36.958],[121.931,36.96],[121.053,36.611],[120.812,36.632],[120.797,36.608],[120.884,36.538],[120.895,36.445],[120.848,36.425],[120.776,36.457],[120.711,36.413],[120.682,36.34],[120.682,36.169],[120.639,36.13],[120.394,36.054],[120.329,36.109],[120.329,36.228],[120.182,36.203],[120.095,36.118],[120.182,36.017],[120.286,35.985],[120.056,35.861],[119.98,35.74],[119.865,35.644],[119.721,35.589],[119.527,35.358],[119.429,35.302],[119.354,35.113],[119.217,35.012],[119.167,34.849],[119.203,34.748],[119.35,34.75],[119.584,34.582],[119.962,34.448],[120.268,34.275],[120.499,33.717],[120.506,33.637],[120.617,33.49],[120.869,33.016],[120.898,32.844],[120.851,32.764],[120.855,32.662],[120.988,32.566],[121.341,32.426],[121.402,32.372],[121.402,32.207],[121.492,32.122],[121.751,31.993],[121.834,31.9],[121.856,31.816],[121.867,31.704],[121.679,31.712],[121.352,31.858],[121.147,31.842],[120.974,31.87],[120.79,32.032],[120.52,32.106],[120.185,31.966],[120.099,31.976],[120.034,31.936],[120.193,31.907],[120.499,32.019],[120.715,31.983],[120.787,31.82],[121.057,31.719],[121.204,31.629],[121.352,31.485],[121.661,31.32],[121.787,31.164],[121.877,30.917],[121.42,30.79],[121.309,30.7],[120.999,30.558],[120.898,30.393],[120.823,30.355],[120.448,30.388],[120.196,30.242],[120.351,30.247],[120.495,30.303],[120.632,30.132],[120.905,30.16],[121.161,30.303],[121.258,30.304],[121.431,30.226],[121.679,29.98],[122.083,29.87],[121.906,29.78],[121.676,29.584],[121.507,29.485],[121.69,29.511],[121.888,29.627],[121.942,29.606],[121.967,29.49],[121.917,29.134],[121.852,29.129],[121.791,29.226],[121.719,29.256],[121.535,29.237],[121.449,29.131],[121.521,29.119],[121.665,29.011],[121.679,28.954],[121.64,28.916],[121.539,28.931],[121.661,28.851],[121.629,28.768],[121.517,28.714],[121.474,28.641],[121.604,28.367],[121.611,28.292],[121.51,28.324],[121.355,28.23],[121.273,28.223],[121.215,28.346],[121.147,28.327],[120.959,28.037],[120.891,28.004],[120.747,28.009],[120.833,27.938],[120.833,27.891],[120.686,27.745],[120.664,27.64],[120.589,27.581],[120.628,27.482],[120.607,27.412],[120.383,27.155],[120.279,27.098],[120.139,26.886],[120.088,26.671],[119.969,26.586],[119.883,26.61],[119.879,26.683],[119.822,26.737],[119.825,26.846],[119.71,26.728],[119.588,26.785],[119.638,26.621],[119.725,26.61],[119.786,26.546],[119.879,26.334],[119.692,26.237],[119.462,26.055],[119.314,26.063],[119.138,26.122],[119.264,25.975],[119.332,25.949],[119.419,25.954],[119.501,26.009],[119.62,26.004],[119.649,25.919],[119.552,25.699],[119.541,25.591],[119.624,25.391],[119.591,25.369],[119.422,25.459],[119.181,25.45],[119.145,25.414],[119.17,25.355],[119.285,25.232],[119.235,25.206],[118.976,25.209],[118.915,25.128],[118.954,25.004],[118.907,24.93],[118.637,24.836],[118.72,24.746],[118.655,24.621],[118.562,24.581],[118.411,24.602],[118.295,24.572],[118.195,24.626],[118.087,24.628],[118.015,24.56],[118.007,24.482],[117.842,24.475],[117.878,24.397],[118.025,24.379],[118.058,24.246],[117.838,24.013],[117.741,24.015],[117.669,23.94],[117.629,23.836],[117.467,23.841],[117.431,23.793],[117.464,23.737],[117.417,23.621],[117.367,23.589],[117.331,23.709],[117.291,23.714],[117.226,23.647],[117.082,23.579],[117.032,23.624],[116.909,23.647],[116.863,23.452],[116.711,23.36],[116.629,23.353],[116.683,23.327],[116.701,23.277],[116.668,23.228],[116.539,23.18],[116.521,23.006],[116.47,22.945],[116.344,22.942],[116.251,22.982],[116.157,22.888],[115.851,22.801],[115.642,22.853],[115.559,22.824],[115.498,22.72],[115.383,22.72],[115.196,22.817],[114.915,22.685],[114.854,22.617],[114.749,22.626],[114.71,22.739],[114.652,22.754],[114.544,22.621],[114.555,22.529],[114.339,22.593],[114.267,22.541],[114.335,22.397],[114.292,22.374],[114.267,22.296],[114.033,22.376],[113.936,22.366],[113.903,22.397],[113.896,22.428],[114.015,22.511],[113.932,22.53],[113.828,22.607],[113.756,22.734],[113.619,22.862],[113.587,23.02],[113.619,23.128],[113.518,23.102],[113.446,23.055],[113.443,22.94],[113.331,22.912],[113.554,22.595],[113.551,22.404],[113.59,22.35],[113.547,22.223],[113.367,22.164],[113.266,22.09],[113.147,22.076],[113.09,22.208],[113.007,22.119],[112.985,21.939],[112.953,21.907],[112.903,21.881],[112.809,21.945],[112.586,21.777],[112.42,21.881],[112.431,21.958],[112.359,21.978],[112.391,21.801],[112.305,21.742],[111.945,21.85],[111.873,21.716],[111.776,21.72],[111.603,21.558],[111.394,21.536],[111.319,21.485],[111.016,21.511],[110.998,21.43],[110.771,21.386],[110.566,21.215],[110.458,21.23],[110.411,21.338],[110.375,21.173],[110.195,21.038],[110.156,20.944],[110.181,20.859],[110.365,20.838],[110.39,20.791],[110.314,20.671],[110.512,20.518],[110.519,20.459],[110.451,20.355],[110.347,20.295],[110.123,20.263],[109.94,20.295],[109.882,20.364],[109.886,20.413],[109.983,20.404],[109.968,20.449],[109.86,20.515],[109.792,20.623],[109.806,20.711],[109.662,20.918],[109.706,21.053],[109.68,21.131],[109.76,21.228],[109.781,21.338],[109.922,21.376],[109.932,21.48],[109.828,21.484],[109.76,21.56],[109.742,21.529],[109.688,21.525],[109.594,21.671],[109.522,21.694],[109.544,21.537],[109.346,21.454],[109.083,21.44],[109.133,21.544],[109.101,21.591],[109.029,21.626],[108.773,21.631],[108.615,21.77],[108.593,21.9],[108.478,21.904],[108.525,21.671],[108.503,21.633],[108.446,21.607],[108.384,21.68],[108.323,21.694],[108.248,21.558],[108.147,21.565],[108.068,21.525],[107.808,21.498],[107.708,21.406],[107.409,21.284],[107.355,21.055],[107.164,20.949],[107.074,20.999],[106.887,20.951],[106.682,21.001],[106.754,20.735],[106.552,20.527],[106.574,20.392],[106.52,20.289],[106.167,19.992],[106.062,19.987],[105.983,19.939],[105.814,19.588],[105.792,19.295],[105.717,19.128],[105.638,19.057],[105.623,18.966],[105.89,18.503],[106.066,18.317],[106.239,18.22],[106.498,17.946],[106.458,17.875],[106.48,17.72],[106.354,17.765],[106.516,17.663],[106.736,17.368],[107.121,17.055],[107.182,16.897],[107.355,16.793],[107.549,16.642],[107.542,16.609],[107.592,16.567],[107.726,16.487],[107.834,16.323],[108.028,16.331],[108.208,16.092],[108.266,16.09],[108.287,15.989],[108.579,15.585],[108.82,15.378],[108.939,15.001],[109.086,14.717],[109.086,14.552],[109.302,13.856],[109.288,13.765],[109.248,13.854],[109.252,13.59],[109.288,13.451],[109.27,13.279],[109.425,12.956],[109.446,12.599],[109.335,12.752],[109.22,12.646],[109.306,12.39],[109.205,12.415],[109.216,12.073],[109.259,11.955],[109.248,11.908],[109.216,12.01],[109.198,12.0],[109.158,11.837],[109.198,11.726],[109.133,11.601],[109.04,11.592],[108.986,11.337],[108.82,11.316],[108.701,11.2],[108.55,11.156],[108.273,10.934],[108.096,10.898],[108.003,10.72],[107.844,10.7],[107.261,10.398],[107.193,10.472],[107.088,10.498],[107.034,10.556],[107.006,10.66],[106.948,10.401],[106.901,10.384],[106.811,10.434],[106.728,10.536],[106.606,10.465],[106.743,10.444],[106.779,10.377],[106.757,10.295],[106.466,10.299],[106.728,10.193],[106.786,10.151],[106.786,10.116],[106.66,9.991],[106.656,9.901],[106.595,9.859],[106.448,9.939],[106.138,10.222],[106.509,9.821],[106.574,9.641],[106.484,9.559],[106.379,9.556],[106.203,9.675],[105.926,9.962],[105.832,10.0],[106.16,9.594],[106.206,9.502],[106.167,9.396],[105.501,9.094],[105.321,8.8],[105.116,8.629],[104.892,8.583],[104.77,8.597],[104.896,8.747],[104.817,8.802],[104.846,9.606],[104.903,9.816],[105.094,9.901],[105.083,9.997],[105.029,10.068],[104.874,10.115],[104.802,10.203],[104.662,10.17],[104.594,10.267],[104.262,10.542],[103.938,10.587],[103.87,10.654],[103.841,10.58],[103.661,10.509],[103.586,10.552],[103.532,10.604],[103.539,10.668],[103.679,10.759],[103.722,10.891],[103.654,11.059],[103.532,11.148],[103.355,10.922],[103.154,10.913],[103.092,11.212],[103.125,11.46],[103.01,11.588],[103.002,11.71],[102.948,11.774],[102.912,11.703],[102.79,11.889],[102.761,12.012],[102.596,12.203],[102.542,12.109],[102.344,12.253],[102.261,12.394],[102.228,12.331],[102.034,12.531],[101.724,12.689],[101.444,12.62],[101.091,12.673],[100.954,12.621],[100.896,12.654],[100.864,12.715],[100.961,13.432],[100.655,13.521],[100.601,13.567],[100.536,13.514],[100.234,13.484],[100.018,13.354],[99.989,13.243],[100.05,13.172],[100.09,13.045],[99.964,12.691],[100.007,12.354],[99.989,12.17],[99.838,11.937],[99.798,11.748],[99.626,11.463],[99.514,11.101],[99.485,10.889],[99.284,10.569],[99.237,10.389],[99.165,10.319],[99.194,10.175],[99.161,9.734],[99.287,9.415],[99.255,9.266],[99.395,9.214],[99.723,9.314],[99.834,9.288],[99.906,9.113],[99.989,8.589],[100.13,8.429],[100.162,8.509],[100.23,8.425],[100.281,8.269],[100.454,7.443],[100.544,7.228],[100.439,7.281],[100.382,7.542],[100.284,7.552],[100.324,7.644],[100.317,7.715],[100.256,7.774],[100.158,7.728],[100.162,7.599],[100.425,7.188],[100.49,7.162],[100.587,7.176],[100.792,6.995],[101.019,6.861],[101.303,6.908],[101.498,6.865],[101.613,6.754],[101.8,6.474],[102.102,6.242],[102.34,6.172],[102.534,5.863],[102.981,5.525],[103.197,5.262],[103.416,4.851],[103.452,4.669],[103.47,4.393],[103.42,3.976],[103.362,3.769],[103.373,3.671],[103.452,3.521],[103.438,2.933],[103.539,2.775],[103.812,2.58],[103.967,2.261],[104.219,1.723],[104.288,1.481],[104.28,1.415],[104.176,1.365],[104.115,1.412],[104.075,1.53],[103.982,1.624],[103.992,1.455],[103.816,1.476],[103.694,1.45],[103.55,1.332],[103.481,1.329],[103.355,1.546],[102.729,1.856],[102.549,2.042],[102.146,2.249],[101.89,2.45],[101.782,2.573],[101.519,2.684],[101.408,2.813],[101.296,2.886],[101.354,3.011],[101.3,3.254],[101.026,3.625],[100.85,3.776],[100.716,3.966],[100.796,4.023],[100.662,4.226],[100.616,4.374],[100.616,4.651],[100.475,5.044],[100.353,5.587],[100.374,5.778],[100.342,5.985],[100.119,6.441],[99.87,6.75],[99.698,6.877],[99.719,7.106],[99.669,7.151],[99.604,7.155],[99.554,7.219],[99.597,7.356],[99.435,7.335],[99.359,7.372],[99.262,7.618],[99.183,7.719],[99.078,7.719],[99.042,7.766],[99.05,7.887],[98.974,7.962],[98.79,8.059],[98.704,8.257],[98.578,8.344],[98.499,8.318],[98.42,8.179],[98.304,8.226],[98.225,8.544],[98.243,8.767],[98.326,8.969],[98.373,9.29],[98.704,10.191],[98.657,10.179],[98.564,10.035],[98.52,10.108],[98.495,10.182],[98.524,10.352],[98.466,10.675],[98.675,10.986],[98.682,11.134],[98.744,11.24],[98.74,11.592],[98.877,11.72],[98.805,11.779],[98.693,11.719],[98.636,11.738],[98.646,11.91],[98.69,11.956],[98.664,12.127],[98.697,12.226],[98.6,12.245],[98.679,12.349],[98.625,12.441],[98.664,12.54],[98.664,12.663],[98.574,13.161],[98.488,13.293],[98.42,13.484],[98.247,13.734],[98.24,13.934],[98.2,13.981],[98.15,13.647],[98.11,13.713],[98.074,13.986],[98.099,14.161],[97.998,14.335],[97.908,14.652],[97.93,14.696],[98.02,14.652],[97.937,14.764],[97.869,14.739],[97.811,14.859],[97.8,15.185],[97.743,15.307],[97.775,15.43],[97.71,15.876],[97.584,16.019],[97.642,16.253],[97.635,16.458],[97.725,16.569],[97.376,16.522],[97.332,16.671],[97.268,16.743],[97.21,16.892],[97.178,17.062],[97.199,17.095],[96.85,17.401],[96.911,17.305],[96.85,17.203],[96.908,17.031],[96.767,16.71],[96.623,16.564],[96.432,16.505],[96.364,16.52],[96.281,16.597],[96.249,16.765],[96.188,16.769],[96.238,16.567],[96.324,16.444],[96.134,16.343],[96.044,16.34],[96.011,16.253],[95.763,16.17],[95.68,15.977],[95.554,15.838],[95.388,15.724],[95.302,15.757],[95.309,15.88],[95.363,15.986],[95.345,16.097],[95.334,16.033],[95.176,15.826],[94.942,15.819],[94.892,15.979],[94.892,16.184],[94.848,16.033],[94.798,15.972],[94.661,15.904],[94.65,16.066],[94.719,16.399],[94.704,16.512],[94.665,16.336],[94.589,16.29],[94.442,16.095],[94.298,16.008],[94.226,16.017],[94.215,16.126],[94.272,16.517],[94.355,16.64],[94.398,16.868],[94.452,16.954],[94.474,17.135],[94.564,17.309],[94.589,17.569],[94.496,17.824],[94.431,18.201],[94.172,18.732],[94.247,18.741],[94.071,18.894],[94.046,19.288],[94.002,19.182],[93.941,19.145],[93.966,18.994],[93.93,18.9],[93.707,19.027],[93.495,19.369],[93.578,19.4],[93.729,19.267],[93.826,19.239],[93.963,19.329],[93.999,19.44],[93.84,19.534],[93.768,19.609],[93.74,19.697],[93.61,19.775],[93.707,19.913],[93.581,19.909],[93.408,20.038],[93.25,20.071],[93.156,20.041],[93.2,19.899],[93.192,19.852],[93.131,19.859],[93.002,20.074],[93.095,20.182],[93.016,20.185],[93.066,20.378],[93.034,20.406],[92.991,20.288],[92.883,20.152],[92.829,20.178],[92.793,20.211],[92.89,20.34],[92.735,20.562],[92.71,20.564],[92.724,20.296],[92.609,20.47],[92.307,20.791],[92.055,21.175],[92.008,21.685],[91.914,21.883],[91.824,22.228],[91.864,22.35],[91.796,22.298],[91.695,22.504],[91.529,22.708],[91.482,22.798],[91.479,22.885],[91.216,22.642],[90.946,22.596],[90.827,22.721],[90.633,23.095],[90.654,23.273],[90.604,23.591],[90.561,23.537],[90.557,23.421],[90.269,23.456],[90.392,23.367],[90.521,23.346],[90.59,23.267],[90.597,23.135],[90.467,23.055],[90.478,22.987],[90.554,22.905],[90.46,22.881],[90.435,22.753],[90.615,22.362],[90.59,22.258],[90.356,22.048],[90.23,21.829],[90.158,21.817],[90.071,21.886],[90.089,22.017],[90.208,22.157],[89.956,22.024],[89.916,22.116],[89.895,22.308],[89.985,22.466],[89.88,22.388],[89.851,22.289],[89.866,22.173],[89.812,21.984],[89.567,21.767],[89.484,22.275],[89.502,21.914],[89.355,21.722],[89.236,21.722],[89.167,21.784],[89.095,21.873],[89.052,22.093],[89.027,21.937],[88.948,21.939],[89.02,21.834],[89.052,21.654],[88.908,21.654],[88.858,21.744],[88.833,21.661],[88.746,21.584],[88.696,21.662],[88.692,21.734],[88.739,22.006],[88.707,22.057],[88.66,22.067],[88.642,22.123],[88.566,21.833],[88.599,21.715],[88.584,21.659],[88.447,21.614],[88.289,21.758],[88.253,21.623],[88.123,21.636],[88.055,21.694],[88.195,22.14],[87.994,22.265],[87.94,22.374],[87.961,22.254],[88.159,22.123],[87.947,21.826],[87.677,21.654],[87.101,21.501],[86.86,21.237],[86.842,21.107],[86.939,20.746],[86.975,20.701],[86.763,20.419],[86.752,20.314],[86.5,20.171],[86.377,20.006],[86.244,20.053],[86.313,19.987],[86.28,19.92],[86.215,19.895],[85.575,19.692],[85.495,19.697],[85.56,19.753],[85.557,19.867],[85.503,19.888],[85.459,19.895],[85.247,19.758],[85.164,19.621],[85.182,19.595],[85.369,19.678],[85.438,19.657],[85.441,19.626],[85.225,19.508],[84.772,19.126],[84.689,18.965],[84.106,18.293],[83.656,18.071],[83.199,17.609],[82.975,17.461],[82.594,17.274],[82.36,17.097],[82.281,16.935],[82.36,16.783],[82.259,16.56],[81.762,16.329],[81.402,16.366],[81.287,16.336],[81.132,15.961],[81.031,15.882],[80.977,15.758],[80.826,15.765],[80.783,15.868],[80.646,15.895],[80.383,15.793],[80.293,15.711],[80.103,15.324],[80.052,15.074],[80.178,14.479],[80.171,14.349],[80.113,14.212],[80.308,13.486],[80.157,13.713],[80.063,13.606],[80.113,13.529],[80.29,13.437],[80.344,13.361],[80.229,12.691],[80.142,12.451],[79.98,12.236],[79.858,11.989],[79.753,11.575],[79.793,11.446],[79.692,11.312],[79.8,11.338],[79.836,11.269],[79.84,10.323],[79.667,10.3],[79.53,10.33],[79.39,10.306],[79.314,10.257],[79.253,10.175],[79.257,10.035],[78.94,9.566],[78.918,9.453],[79.019,9.333],[79.275,9.285],[79.411,9.193],[79.213,9.255],[78.979,9.269],[78.421,9.104],[78.191,8.891],[78.126,8.511],[78.061,8.384],[77.77,8.189],[77.586,8.13],[77.518,8.078],[77.302,8.146],[77.064,8.316],[76.553,8.903],[76.47,9.162],[76.402,9.236],[76.326,9.451],[76.243,9.927],[76.344,9.828],[76.377,9.54],[76.459,9.536],[76.348,9.922],[76.222,10.024],[76.2,10.201],[75.923,10.785],[75.725,11.361],[75.523,11.703],[75.315,11.958],[75.196,12.057],[74.944,12.564],[74.771,13.078],[74.67,13.668],[74.609,13.85],[74.497,14.047],[74.382,14.495],[73.95,15.074],[73.885,15.307],[73.803,15.397],[73.932,15.397],[73.77,15.573],[73.831,15.659],[73.734,15.658],[73.68,15.71],[73.608,15.871],[73.475,16.053],[73.338,16.46],[73.241,17.199],[73.147,17.527],[73.155,17.621],[72.993,18.098],[72.917,18.576],[72.874,18.644],[72.899,18.779],[73.007,19.02],[72.971,19.154],[72.899,19.015],[72.834,18.975],[72.802,19.079],[72.813,19.3],[72.989,19.277],[72.787,19.362],[72.755,19.451],[72.798,19.52],[72.726,19.578],[72.669,19.831],[72.708,20.078],[72.895,20.673],[72.813,21.117],[72.694,21.178],[72.625,21.373],[72.733,21.472],[72.615,21.461],[72.809,21.619],[73.111,21.751],[72.841,21.687],[72.543,21.697],[72.593,21.878],[72.701,21.971],[72.521,21.977],[72.553,22.161],[72.809,22.234],[72.589,22.279],[72.456,22.248],[72.183,22.27],[72.305,22.188],[72.276,22.09],[72.244,22.027],[72.096,21.919],[72.039,21.822],[72.172,21.774],[72.211,21.728],[72.258,21.661],[72.255,21.531],[72.017,21.156],[71.398,20.869],[71.023,20.739],[70.879,20.715],[70.721,20.741],[70.483,20.84],[70.033,21.178],[69.749,21.506],[69.191,21.992],[69.007,22.197],[68.971,22.291],[68.982,22.385],[69.05,22.437],[69.13,22.416],[69.277,22.286],[69.551,22.409],[69.655,22.404],[69.727,22.465],[69.817,22.452],[70.005,22.548],[70.177,22.572],[70.44,22.97],[70.512,23.003],[70.491,23.089],[70.433,23.077],[70.339,22.94],[70.253,22.971],[70.12,22.947],[69.666,22.76],[69.238,22.848],[68.816,23.053],[68.64,23.19],[68.417,23.572],[68.453,23.629],[68.777,23.852],[68.496,23.747],[68.345,23.617],[68.233,23.596],[68.165,23.857],[68.114,23.753],[68.035,23.848],[67.952,23.829],[67.859,23.902],[67.819,23.827],[67.668,23.812],[67.646,23.919],[67.564,23.881],[67.502,23.94],[67.477,24.018],[67.366,24.091],[67.308,24.174],[67.29,24.367],[67.171,24.756],[66.703,24.86],[66.682,24.93],[66.7,25.226],[66.57,25.379],[66.534,25.485],[66.43,25.575],[66.217,25.589],[66.131,25.494],[66.358,25.508],[66.469,25.445],[66.235,25.464],[65.882,25.419],[65.681,25.355],[65.407,25.374],[65.062,25.312],[64.777,25.308],[64.658,25.185],[64.151,25.334],[64.061,25.404],[63.935,25.343],[63.722,25.386],[63.557,25.353],[63.496,25.298],[63.492,25.211],[63.172,25.254],[63.017,25.225],[62.664,25.265],[62.574,25.254],[62.315,25.134],[62.2,25.225],[62.088,25.155],[61.908,25.131],[61.742,25.138],[61.534,25.195],[61.411,25.102],[60.662,25.282],[60.587,25.414],[60.511,25.437],[60.4,25.312],[60.025,25.384],[59.896,25.362],[59.82,25.4],[59.615,25.404],[59.456,25.482],[59.046,25.417],[58.798,25.555],[58.531,25.593],[58.204,25.591],[57.937,25.692],[57.797,25.654],[57.732,25.725],[57.336,25.791],[57.206,26.037],[57.203,26.159],[57.106,26.372],[57.037,26.801],[56.911,26.994],[56.728,27.127],[56.357,27.2],[56.119,27.143],[55.943,27.037],[55.651,26.978],[55.424,26.77],[55.295,26.785],[54.895,26.556],[54.758,26.506],[54.643,26.509],[54.247,26.697],[54.071,26.732],[53.822,26.707],[53.707,26.726],[53.506,26.851],[53.455,26.943],[52.984,27.141],[52.692,27.324],[52.602,27.494],[52.476,27.617],[52.192,27.718],[52.03,27.824],[51.59,27.863],[51.277,28.131],[51.277,28.219],[51.094,28.513],[51.061,28.726],[51.022,28.782],[50.867,28.87],[50.842,28.928],[50.878,29.063],[50.676,29.146],[50.647,29.212],[50.651,29.421],[50.168,29.921],[50.071,30.198],[49.985,30.209],[49.556,30.028],[49.43,30.131],[49.027,30.334],[49.002,30.374],[49.049,30.398],[49.189,30.375],[49.247,30.412],[49.225,30.473],[49.131,30.509],[49.002,30.506],[49.038,30.45],[48.915,30.398],[48.89,30.327],[48.919,30.12],[48.833,30.035],[48.671,30.028],[48.595,29.974],[48.455,29.938],[48.141,30.04],[47.983,30.011],[48.005,29.836],[48.145,29.572],[47.969,29.617],[47.724,29.393],[47.846,29.365],[47.997,29.386],[48.051,29.355],[48.185,28.98],[48.339,28.763],[48.627,28.133],[48.807,27.896],[48.833,27.801],[48.797,27.725],[48.905,27.629],[49.236,27.492],[49.175,27.438],[49.405,27.181],[49.538,27.152],[49.718,26.956],[49.985,26.829],[50.15,26.662],[50.028,26.699],[50.01,26.678],[50.028,26.527],[50.186,26.405],[50.215,26.308],[50.154,26.1],[50.032,26.11],[50.24,25.622],[50.456,25.424],[50.557,25.086],[50.726,24.869],[50.806,24.789],[50.845,24.888],[50.755,25.4],[50.87,25.612],[51.004,25.982],[51.108,26.081],[51.263,26.154],[51.389,26.011],[51.544,25.902],[51.572,25.78],[51.486,25.525],[51.608,25.053],[51.428,24.668],[51.266,24.607],[51.338,24.565],[51.41,24.57],[51.418,24.53],[51.31,24.341],[51.536,24.286],[51.605,24.338],[51.666,24.251],[51.767,24.254],[51.792,24.076],[51.842,24.011],[52.12,23.971],[52.649,24.155],[53.801,24.07],[54.146,24.171],[54.398,24.279],[54.535,24.53],[54.748,24.81],[55.097,25.041],[55.522,25.497],[55.943,25.794],[56.166,26.207],[56.306,26.235],[56.378,26.357],[56.414,26.351],[56.418,26.108],[56.375,25.805],[56.299,25.65],[56.364,25.57],[56.371,25.018],[56.49,24.716],[56.641,24.47],[56.911,24.15],[57.221,23.923],[57.61,23.803],[58.121,23.716],[58.326,23.624],[58.578,23.643],[58.772,23.517],[59.032,23.131],[59.194,22.971],[59.431,22.661],[59.536,22.579],[59.824,22.51],[59.824,22.305],[59.651,21.951],[59.518,21.782],[59.37,21.499],[59.068,21.289],[58.895,21.112],[58.474,20.407],[58.348,20.387],[58.211,20.425],[58.247,20.6],[58.171,20.59],[58.103,20.571],[57.862,20.244],[57.714,19.678],[57.811,19.017],[57.674,18.958],[57.178,18.902],[56.825,18.753],[56.656,18.588],[56.551,18.166],[56.382,17.987],[56.27,17.951],[55.615,17.887],[55.478,17.843],[55.255,17.586],[55.237,17.505],[55.295,17.381],[55.277,17.321],[55.064,17.04],[54.773,16.965],[54.568,17.031],[54.067,17.005],[53.956,16.918],[53.61,16.76],[53.297,16.724],[52.58,16.47],[52.328,16.293],[52.238,16.171],[52.174,15.956],[52.217,15.656],[51.749,15.441],[51.605,15.336],[51.324,15.227],[50.528,15.038],[50.168,14.85],[49.905,14.828],[49.351,14.639],[49.049,14.456],[48.93,14.267],[48.667,14.05],[48.278,13.998],[47.99,14.048],[47.634,13.859],[47.407,13.661],[46.975,13.547],[46.788,13.465],[46.503,13.415],[45.92,13.394],[45.657,13.338],[45.395,13.068],[45.164,12.998],[45.038,12.816],[44.754,12.764],[44.617,12.818],[44.358,12.67],[43.929,12.616],[43.634,12.745],[43.487,12.699],[43.476,12.838],[43.231,13.267],[43.281,13.692],[43.235,13.859],[43.091,14.01],[43.094,14.203],[43.008,14.482],[43.022,14.555],[42.921,14.817],[42.936,14.939],[42.857,15.133],[42.659,15.232],[42.698,15.326],[42.788,15.265],[42.799,15.326],[42.716,15.654],[42.839,16.033],[42.788,16.451],[42.698,16.737],[42.554,16.868],[42.543,16.96],[42.385,17.123],[42.295,17.435],[42.054,17.67],[41.751,17.885],[41.658,18.008],[41.507,18.256],[41.431,18.453],[41.229,18.678],[41.118,19.083],[40.913,19.491],[40.79,19.647],[40.758,19.755],[40.617,19.822],[40.481,19.994],[40.081,20.267],[39.883,20.293],[39.728,20.39],[39.613,20.518],[39.491,20.737],[39.275,20.973],[39.095,21.31],[39.152,21.433],[39.149,21.518],[38.987,21.881],[39.033,22.204],[39.095,22.393],[39.062,22.593],[39.001,22.699],[39.008,22.77],[38.882,22.883],[38.94,22.881],[38.796,23.048],[38.706,23.305],[38.465,23.713],[38.288,23.911],[37.921,24.185],[37.82,24.188],[37.712,24.275],[37.543,24.291],[37.179,24.82],[37.266,24.961],[37.151,25.291],[36.92,25.641],[36.762,25.751],[36.675,26.039],[36.517,26.105],[36.251,26.594],[35.851,27.07],[35.765,27.259],[35.581,27.433],[35.423,27.733],[35.181,28.035],[35.077,28.087],[34.721,28.131],[34.623,28.065],[34.616,28.148],[34.778,28.508],[34.8,28.721],[34.983,29.485],[34.973,29.554],[34.735,29.271],[34.616,28.758],[34.447,28.357],[34.4,28.016],[34.22,27.765],[34.044,27.829],[33.759,28.047],[33.594,28.256],[33.248,28.568],[33.129,28.978],[32.87,29.287],[32.723,29.521],[32.647,29.799],[32.564,29.974],[32.474,29.926],[32.489,29.851],[32.359,29.631],[32.399,29.534],[32.6,29.322],[32.658,28.928],[32.784,28.787],[32.899,28.565],[33.201,28.209],[33.497,27.975],[33.547,27.898],[33.551,27.607],[33.698,27.341],[33.803,27.268],[33.849,27.185],[33.957,26.648],[34.051,26.551],[34.328,26.025],[34.566,25.692],[35.196,24.475],[35.477,24.155],[35.783,23.938],[35.631,23.951],[35.541,23.921],[35.505,23.779],[35.523,23.442],[35.696,22.945],[35.912,22.739],[36.229,22.629],[36.416,22.393],[36.83,22.098],[36.87,22.017],[36.927,21.586],[37.082,21.326],[37.259,21.109],[37.259,21.039],[37.151,21.103],[37.14,20.982],[37.226,20.557],[37.187,20.395],[37.194,20.121],[37.262,19.791],[37.248,19.583],[37.363,19.091],[37.471,18.821],[37.532,18.753],[37.73,18.694],[37.921,18.557],[38.202,18.249],[38.285,18.286],[38.331,18.218],[38.573,18.072],[38.911,17.427],[39.141,16.729],[39.224,16.194],[39.3,15.922],[39.422,15.786],[39.505,15.533],[39.581,15.522],[39.631,15.453],[39.721,15.213],[39.786,15.125],[39.818,15.201],[39.789,15.319],[39.865,15.47],[40.041,15.335],[40.085,15.152],[40.203,15.014],[40.545,14.934],[40.801,14.743],[41.175,14.62],[41.658,13.982],[42.245,13.588],[42.345,13.397],[42.399,13.213],[42.522,13.222],[42.734,13.019],[42.795,12.864],[42.968,12.809],[43.001,12.899],[43.083,12.824],[43.13,12.661],[43.353,12.366],[43.411,12.189],[43.335,12.028],[43.047,11.83],[42.799,11.739],[42.641,11.561],[42.522,11.573],[42.54,11.505],[42.911,11.587],[43.163,11.566],[43.44,11.347],[43.631,11.035],[43.854,10.785],[44.279,10.472],[44.387,10.431],[44.945,10.437],[45.337,10.649],[45.816,10.835],[46.46,10.734],[46.565,10.746],[46.975,10.925],[47.231,11.101],[47.403,11.174],[47.713,11.113],[48.019,11.139],[48.573,11.321],[48.674,11.323],[48.905,11.255],[49.063,11.271],[49.387,11.342],[49.643,11.451],[50.111,11.529],[50.467,11.727],[50.636,11.944],[50.791,11.984],[51.256,11.831],[51.22,11.658],[51.083,11.335],[51.14,10.656],[51.094,10.488],[51.032,10.444],[51.187,10.479],[51.194,10.554],[51.371,10.476],[51.385,10.387],[51.209,10.431],[50.932,10.335],[50.834,9.71],[50.824,9.429],[50.687,9.241],[50.636,9.109],[50.431,8.846],[50.287,8.509],[50.104,8.2],[49.851,7.962],[49.671,7.469],[49.236,6.778],[49.092,6.408],[49.049,6.174],[48.649,5.495],[48.235,4.953],[47.976,4.497],[46.878,3.285],[46.05,2.474],[45.827,2.31],[44.919,1.81],[44.333,1.391],[43.717,0.858],[42.561,-0.322],[42.219,-0.737],[41.978,-0.973],[41.733,-1.43],[41.388,-1.867],[41.269,-1.945],[41.107,-1.982],[40.995,-1.951],[40.952,-2.057],[40.891,-2.024],[40.923,-2.194],[40.898,-2.27],[40.819,-2.336],[40.812,-2.392],[40.643,-2.539],[40.405,-2.557],[40.221,-2.688],[40.178,-2.819],[40.196,-3.02],[40.117,-3.251],[39.991,-3.35],[39.861,-3.577],[39.818,-3.786],[39.491,-4.478],[39.375,-4.626],[39.289,-4.608],[39.228,-4.666],[38.979,-5.518],[38.821,-5.877],[38.803,-6.07],[38.875,-6.331],[38.983,-6.456],[39.127,-6.556],[39.289,-6.815],[39.473,-6.879],[39.545,-7.023],[39.519,-7.124],[39.354,-7.341],[39.289,-7.518],[39.285,-7.787],[39.332,-7.747],[39.429,-7.813],[39.44,-8.011],[39.339,-8.244],[39.303,-8.443],[39.379,-8.721],[39.487,-8.862],[39.451,-8.943],[39.642,-9.193],[39.624,-9.41],[39.775,-9.837],[39.782,-9.914],[39.725,-10.0],[39.865,-10.021],[39.984,-10.16],[40.085,-10.157],[40.387,-10.353],[40.517,-10.568],[40.61,-10.662],[40.488,-10.764],[40.596,-10.83],[40.517,-10.929],[40.506,-10.999],[40.545,-11.066],[40.401,-11.332],[40.466,-11.45],[40.434,-11.657],[40.531,-12.004],[40.502,-12.12],[40.524,-12.393],[40.488,-12.492],[40.549,-12.526],[40.581,-12.636],[40.553,-12.825],[40.434,-12.936],[40.437,-12.983],[40.567,-12.985],[40.553,-13.294],[40.581,-13.374],[40.545,-13.462],[40.596,-14.123],[40.603,-14.167],[40.715,-14.214],[40.715,-14.29],[40.639,-14.391],[40.646,-14.538],[40.725,-14.42],[40.776,-14.422],[40.819,-14.467],[40.833,-14.792],[40.7,-14.929],[40.693,-15.064],[40.617,-15.115],[40.65,-15.261],[40.56,-15.474],[40.11,-15.979],[40.099,-16.066],[39.984,-16.226],[39.789,-16.295],[39.843,-16.436],[39.242,-16.792],[39.084,-16.972],[38.886,-17.042],[38.67,-17.05],[38.144,-17.243],[38.047,-17.321],[37.838,-17.392],[37.511,-17.571],[37.244,-17.74],[36.938,-17.993],[36.899,-18.128],[36.539,-18.517],[36.413,-18.693],[36.405,-18.769],[36.326,-18.793],[36.261,-18.72],[36.236,-18.861],[36.125,-18.842],[35.855,-18.993],[35.653,-19.163],[35.365,-19.495],[34.947,-19.812],[34.854,-19.821],[34.721,-19.71],[34.649,-19.701],[34.757,-19.823],[34.706,-20.474],[34.983,-20.807],[35.117,-21.196],[35.127,-21.396],[35.268,-21.651],[35.329,-22.038],[35.315,-22.397],[35.383,-22.455],[35.419,-22.177],[35.455,-22.116],[35.495,-22.125],[35.541,-22.302],[35.491,-22.658],[35.574,-22.963],[35.376,-23.708],[35.397,-23.838],[35.462,-23.85],[35.484,-23.784],[35.523,-23.784],[35.541,-23.824],[35.491,-24.066],[35.437,-24.171],[35.156,-24.541],[34.991,-24.651],[34.609,-24.821],[33.835,-25.067],[33.349,-25.262],[32.96,-25.491],[32.791,-25.644],[32.723,-25.821],[32.589,-26.005],[32.705,-26.159],[32.849,-26.269],[32.917,-26.086],[32.957,-26.083],[32.888,-26.831],[32.849,-27.081],[32.658,-27.607],[32.535,-28.199],[32.377,-28.498],[32.287,-28.621],[32.028,-28.84],[31.779,-28.937],[31.337,-29.378],[31.171,-29.591],[31.023,-29.9],[30.879,-30.07],[30.473,-30.714],[30.289,-30.97],[29.972,-31.322],[29.482,-31.674],[28.856,-32.294],[27.859,-33.055],[27.078,-33.522],[26.613,-33.707],[26.43,-33.759],[25.99,-33.711],[25.807,-33.737],[25.652,-33.85],[25.638,-34.011],[25.573,-34.035],[25.17,-33.961],[25.004,-33.973],[24.828,-34.169],[24.597,-34.174],[24.183,-34.061],[23.697,-33.992],[23.586,-33.985],[23.269,-34.081],[22.552,-34.009],[22.246,-34.068],[21.789,-34.372],[21.35,-34.409],[20.99,-34.367],[20.774,-34.44],[20.529,-34.463],[20.022,-34.785],[19.636,-34.754],[19.392,-34.605],[19.298,-34.615],[19.33,-34.492],[19.244,-34.412],[19.15,-34.417],[19.1,-34.35],[18.83,-34.364],[18.808,-34.108],[18.751,-34.082],[18.607,-34.077],[18.499,-34.11],[18.463,-34.167],[18.463,-34.346],[18.351,-34.188],[18.355,-33.938],[18.466,-33.888],[18.434,-33.718],[18.261,-33.421],[18.157,-33.358],[18.074,-33.207],[17.991,-33.152],[17.959,-33.046],[17.88,-32.961],[17.851,-32.827],[17.894,-32.751],[17.966,-32.709],[18.038,-32.775],[18.124,-32.749],[18.25,-32.652],[18.326,-32.504],[18.312,-32.122],[18.211,-31.742],[17.678,-31.018],[17.347,-30.445],[17.188,-30.1],[16.951,-29.404],[16.738,-29.01],[16.479,-28.642],[15.892,-28.152],[15.72,-27.966],[15.342,-27.387],[15.133,-26.788],[15.122,-26.668],[15.162,-26.6],[15.14,-26.508],[15.097,-26.427],[14.967,-26.319],[14.931,-25.958],[14.845,-25.725],[14.863,-25.534],[14.82,-25.246],[14.838,-25.033],[14.769,-24.788],[14.629,-24.548],[14.503,-24.203],[14.474,-23.281],[14.402,-22.968],[14.438,-22.88],[14.496,-22.922],[14.521,-22.805],[14.463,-22.449],[14.323,-22.191],[13.974,-21.767],[13.84,-21.474],[13.452,-20.916],[13.167,-20.184],[13.041,-20.028],[12.458,-18.927],[12.328,-18.752],[12.04,-18.47],[11.778,-18.002],[11.72,-17.467],[11.821,-16.705],[11.821,-16.504],[11.796,-15.986],[11.752,-15.832],[11.9,-15.721],[12.015,-15.514],[12.073,-15.248],[12.282,-14.637],[12.379,-14.038],[12.505,-13.755],[12.552,-13.438],[12.897,-13.028],[12.984,-12.776],[13.416,-12.521],[13.599,-12.287],[13.686,-12.124],[13.786,-11.813],[13.783,-11.488],[13.848,-11.054],[13.833,-10.929],[13.74,-10.757],[13.722,-10.634],[13.538,-10.421],[13.495,-10.257],[13.333,-9.999],[13.286,-9.827],[13.21,-9.704],[13.156,-9.389],[12.998,-9.047],[12.998,-8.992],[13.048,-8.922],[13.092,-8.9],[13.056,-9.007],[13.358,-8.688],[13.38,-8.37],[12.861,-7.232],[12.825,-6.956],[12.523,-6.591],[12.282,-6.124],[12.303,-6.093],[12.789,-6.004],[13.07,-5.865],[13.002,-5.836],[12.861,-5.855],[12.681,-5.961],[12.454,-6.001],[12.242,-5.808],[12.156,-5.633],[12.206,-5.468],[12.177,-5.325],[12.04,-5.036],[11.821,-4.756],[11.781,-4.676],[11.778,-4.565],[11.032,-3.827],[10.946,-3.662],[10.64,-3.398],[10.586,-3.279],[10.348,-3.013],[9.758,-2.518],[9.722,-2.468],[10.003,-2.588],[10.06,-2.55],[9.862,-2.442],[9.675,-2.416],[9.625,-2.367],[9.535,-2.164],[9.301,-1.904],[9.344,-1.893],[9.484,-1.963],[9.484,-1.895],[9.344,-1.829],[9.265,-1.826],[9.257,-1.727],[9.052,-1.379],[9.038,-1.308],[9.319,-1.631],[9.524,-1.598],[9.502,-1.555],[9.448,-1.51],[9.329,-1.534],[9.297,-1.515],[9.279,-1.482],[9.347,-1.326],[9.203,-1.383],[9.063,-1.298],[8.843,-0.914],[8.703,-0.591],[8.757,-0.616],[8.822,-0.708],[8.948,-0.689],[8.995,-0.635],[9.081,-0.624],[9.135,-0.574],[9.297,-0.352],[9.34,-0.058],[9.301,0.289],[9.355,0.344],[9.412,0.2],[9.47,0.16],[9.574,0.148],[9.797,0.044],[9.812,0.126],[10.003,0.195],[9.945,0.219],[9.776,0.193],[9.545,0.296],[9.326,0.553],[9.329,0.612],[9.495,0.666],[9.538,0.659],[9.556,0.594],[9.617,0.577],[9.625,0.78],[9.574,0.992],[9.599,1.054],[9.509,1.115],[9.387,1.139],[9.495,1.435],[9.632,1.565],[9.718,1.789],[9.808,1.928],[9.779,2.068],[9.823,2.539],[9.884,2.917],[9.949,3.079],[9.877,3.309],[9.671,3.537],[9.765,3.624],[9.643,3.612],[9.556,3.797],[9.628,3.87],[9.74,3.853],[9.639,3.966],[9.689,4.056],[9.668,4.077],[9.599,4.026],[9.549,4.028],[9.484,4.066],[9.502,4.0],[9.427,3.922],[9.311,3.94],[9.25,3.999],[9.002,4.092],[8.977,4.231],[8.912,4.358],[8.919,4.554],[8.761,4.58],[8.66,4.67],[8.689,4.551],[8.656,4.516],[8.573,4.526],[8.534,4.606],[8.57,4.752],[8.516,4.724],[8.433,4.747],[8.393,4.815],[8.343,4.825],[8.253,4.924],[8.235,4.908],[8.329,4.657],[8.293,4.558],[7.645,4.525],[7.565,4.561],[7.529,4.655],[7.461,4.556],[7.285,4.547],[7.076,4.716],[7.166,4.615],[7.155,4.514],[7.015,4.398],[6.925,4.391],[6.867,4.441],[6.824,4.644],[6.766,4.724],[6.791,4.469],[6.86,4.374],[6.633,4.341],[6.579,4.476],[6.554,4.341],[6.262,4.309],[6.269,4.433],[6.215,4.386],[6.205,4.292],[6.075,4.29],[5.798,4.455],[5.589,4.648],[5.492,4.839],[5.384,5.129],[5.477,5.153],[5.369,5.195],[5.369,5.337],[5.503,5.379],[5.549,5.474],[5.387,5.401],[5.233,5.483],[5.2,5.533],[5.215,5.571],[5.395,5.575],[5.456,5.611],[5.351,5.624],[5.326,5.707],[5.276,5.641],[5.171,5.603],[5.114,5.641],[5.092,5.768],[4.862,6.026],[4.43,6.349],[4.127,6.412],[3.451,6.427],[3.753,6.584],[3.717,6.597],[3.429,6.525],[3.335,6.396],[2.288,6.328],[1.312,6.146],[1.107,6.051],[0.949,5.811],[0.751,5.761],[0.261,5.757],[-0.128,5.568],[-0.347,5.5],[-0.797,5.226],[-1.064,5.183],[-1.503,5.039],[-2.003,4.762],[-2.09,4.764],[-2.399,4.929],[-3.245,5.115],[-3.217,5.148],[-3.019,5.131],[-3.17,5.203],[-3.152,5.348],[-3.238,5.335],[-3.346,5.131],[-3.872,5.221],[-3.983,5.294],[-4.358,5.301],[-4.552,5.28],[-4.61,5.236],[-4.117,5.262],[-4.037,5.229],[-4.901,5.139],[-4.97,5.148],[-5.024,5.203],[-5.283,5.21],[-5.366,5.151],[-5.107,5.162],[-5.063,5.131],[-5.564,5.089],[-5.913,5.011],[-6.845,4.672],[-7.425,4.375],[-7.544,4.351],[-7.659,4.367],[-8.26,4.591],[-9.131,5.054],[-9.376,5.242],[-10.276,6.078],[-10.417,6.167],[-10.597,6.21],[-10.784,6.311],[-10.849,6.466],[-11.292,6.688],[-11.547,6.946],[-11.734,7.089],[-12.487,7.386],[-12.433,7.545],[-12.512,7.665],[-12.48,7.754],[-12.57,7.7],[-12.699,7.715],[-12.85,7.818],[-12.958,8.146],[-13.02,8.202],[-13.149,8.215],[-13.272,8.429],[-13.261,8.488],[-13.084,8.425],[-12.894,8.63],[-12.904,8.656],[-12.955,8.615],[-13.088,8.625],[-13.182,8.576],[-13.228,8.696],[-13.207,8.844],[-13.07,8.856],[-13.059,8.88],[-13.153,8.898],[-13.272,8.988],[-13.304,9.078],[-13.268,9.17],[-13.398,9.314],[-13.437,9.42],[-13.567,9.543],[-13.693,9.536],[-13.657,9.639],[-13.689,9.927],[-13.754,9.87],[-13.819,9.887],[-13.956,9.969],[-14.02,10.049],[-14.046,10.141],[-14.172,10.128],[-14.427,10.248],[-14.611,10.55],[-14.593,10.767],[-14.676,10.689],[-14.776,10.932],[-14.888,10.969],[-14.924,10.944],[-14.974,10.804],[-15.014,10.804],[-15.05,10.835],[-15.043,10.941],[-15.093,11.01],[-15.054,11.142],[-15.097,11.141],[-15.18,11.035],[-15.223,11.031],[-15.216,11.156],[-15.316,11.153],[-15.392,11.217],[-15.396,11.335],[-15.349,11.378],[-15.478,11.41],[-15.428,11.498],[-15.252,11.573],[-15.072,11.597],[-15.122,11.661],[-15.23,11.687],[-15.414,11.614],[-15.504,11.724],[-15.5,11.778],[-15.417,11.871],[-15.212,11.871],[-15.1,11.915],[-15.079,11.969],[-15.187,11.927],[-15.435,11.944],[-15.651,11.818],[-15.82,11.764],[-15.943,11.786],[-15.903,11.92],[-15.921,11.937],[-15.957,11.96],[-16.137,11.917],[-16.274,11.977],[-16.328,12.052],[-16.317,12.144],[-16.245,12.238],[-16.436,12.205],[-16.713,12.354],[-16.785,12.472],[-16.76,12.526],[-16.677,12.561],[-16.555,12.606],[-16.45,12.581],[-16.443,12.609],[-16.598,12.715],[-16.702,12.604],[-16.746,12.585],[-16.767,12.628],[-16.756,12.979],[-16.825,13.342],[-16.749,13.425],[-16.67,13.475],[-16.616,13.436],[-16.555,13.304],[-16.414,13.269],[-16.184,13.283],[-16.159,13.383],[-15.428,13.469],[-15.568,13.5],[-16.137,13.448],[-16.353,13.344],[-16.44,13.354],[-16.53,13.458],[-16.587,13.689],[-16.746,13.84],[-16.767,13.904],[-16.735,13.962],[-16.62,14.04],[-16.792,14.005],[-16.796,14.094],[-16.972,14.403],[-17.08,14.482],[-17.167,14.64],[-17.347,14.729],[-17.419,14.724],[-17.444,14.651],[-17.534,14.755],[-17.149,14.922],[-16.843,15.295],[-16.569,15.734],[-16.537,15.838],[-16.537,16.286],[-16.465,16.602],[-16.08,17.546],[-16.029,17.888],[-16.087,18.522],[-16.213,19.003],[-16.306,19.154],[-16.476,19.286],[-16.515,19.362],[-16.371,19.411],[-16.306,19.513],[-16.443,19.473],[-16.285,19.788],[-16.209,20.229],[-16.335,20.416],[-16.429,20.652],[-16.53,20.709],[-16.562,20.604],[-16.623,20.635],[-16.875,21.086],[-16.929,21.116],[-16.998,21.039],[-17.048,20.807],[-17.098,20.857],[-16.929,21.9],[-16.792,22.159],[-16.684,22.274],[-16.515,22.334],[-16.36,22.595],[-16.303,22.834],[-16.202,22.945],[-16.17,23.032],[-16.209,23.098],[-15.788,23.793],[-15.802,23.843],[-15.982,23.671],[-15.9,23.845],[-15.586,24.072],[-15.19,24.478],[-15.039,24.549],[-14.906,24.72],[-14.856,24.872],[-14.841,25.22],[-14.794,25.404],[-14.524,25.926],[-14.47,26.162],[-14.413,26.254],[-14.312,26.296],[-14.168,26.416],[-13.952,26.489],[-13.578,26.735],[-13.495,26.872],[-13.408,27.147],[-13.174,27.655],[-13.041,27.77],[-12.948,27.914],[-12.793,27.978],[-12.469,28.009],[-11.986,28.129],[-11.554,28.31],[-11.432,28.383],[-11.083,28.714],[-10.485,29.065],[-10.201,29.381],[-9.851,29.81],[-9.668,30.11],[-9.625,30.353],[-9.653,30.448],[-9.772,30.603],[-9.855,30.645],[-9.877,30.717],[-9.833,30.848],[-9.808,31.424],[-9.675,31.71],[-9.347,32.087],[-9.286,32.24],[-9.247,32.573],[-8.836,32.92],[-8.512,33.252],[-8.3,33.374],[-7.562,33.641],[-6.899,33.969],[-6.755,34.132],[-6.352,34.776],[-5.924,35.787],[-5.621,35.828],[-5.398,35.931],[-5.279,35.903],[-5.337,35.856],[-5.337,35.745],[-5.254,35.615],[-5.107,35.467],[-4.837,35.281],[-4.628,35.207],[-4.329,35.162],[-3.692,35.28],[-3.591,35.228],[-3.393,35.212],[-3.206,35.24],[-2.972,35.406],[-2.954,35.314],[-2.839,35.129],[-1.913,35.094],[-1.672,35.182],[-1.337,35.365],[-1.089,35.578],[-0.916,35.669],[-0.427,35.861],[-0.189,35.82],[-0.049,35.833],[0.049,35.901],[0.153,36.063],[0.311,36.162],[0.97,36.445],[1.258,36.519],[2.342,36.609],[2.594,36.601],[2.972,36.785],[3.519,36.795],[3.778,36.896],[4.757,36.896],[5.294,36.648],[5.726,36.8],[6.064,36.865],[6.248,36.938],[6.327,37.045],[6.485,37.085],[6.575,37.004],[6.928,36.92],[7.238,36.969],[7.205,37.092],[7.432,37.059],[7.609,37.0],[7.792,36.88],[7.911,36.856],[8.127,36.91],[8.577,36.938],[8.822,36.998],[9.142,37.195],[9.689,37.34],[9.837,37.309],[9.783,37.212],[9.83,37.135],[9.895,37.182],[9.877,37.254],[10.089,37.252],[10.197,37.207],[10.19,37.033],[10.334,36.865],[10.294,36.781],[10.413,36.731],[10.518,36.792],[10.572,36.88],[10.766,36.931],[10.953,37.059],[11.054,37.073],[11.126,36.873],[10.968,36.743],[10.798,36.493],[10.644,36.42],[10.525,36.323],[10.489,36.255],[10.507,36.033],[10.59,35.887],[10.69,35.799],[10.784,35.773],[11.004,35.634],[11.043,35.335],[11.119,35.24],[10.69,34.679],[10.536,34.545],[10.201,34.346],[10.064,34.212],[10.05,34.056],[10.158,33.849],[10.305,33.728],[10.453,33.662],[10.712,33.69],[10.723,33.514],[10.899,33.533],[10.957,33.627],[11.086,33.563],[11.151,33.37],[11.259,33.309],[11.27,33.287],[11.202,33.249],[11.338,33.209],[11.4,33.224],[11.659,33.118],[11.814,33.094],[12.282,32.858],[12.753,32.801],[13.282,32.915],[13.538,32.825],[13.837,32.792],[14.157,32.71],[14.514,32.511],[15.176,32.391],[15.266,32.311],[15.36,32.16],[15.363,31.971],[15.496,31.657],[15.705,31.426],[16.123,31.264],[16.782,31.214],[17.35,31.082],[17.829,30.928],[17.948,30.851],[18.189,30.776],[18.672,30.415],[18.938,30.29],[19.125,30.266],[19.291,30.289],[19.59,30.414],[19.712,30.488],[20.014,30.801],[20.151,31.079],[20.104,31.301],[19.96,31.556],[19.928,31.818],[19.975,31.999],[20.122,32.219],[20.371,32.431],[20.623,32.58],[21.062,32.776],[21.426,32.799],[21.634,32.938],[21.721,32.943],[21.84,32.908],[22.189,32.919],[23.089,32.618],[23.128,32.448],[23.107,32.332],[23.287,32.214],[23.798,32.158],[24.129,32.009],[24.684,32.016],[24.878,31.985],[25.026,31.884],[25.227,31.533],[25.382,31.513],[25.893,31.62],[26.768,31.471],[27.247,31.377],[27.538,31.212],[27.83,31.195],[27.967,31.098],[28.514,31.051],[29.072,30.83],[29.428,30.928],[29.929,31.228],[30.048,31.266],[30.224,31.259],[30.397,31.457],[30.923,31.566],[30.883,31.523],[30.563,31.417],[30.699,31.403],[31.002,31.462],[31.052,31.592],[31.085,31.603],[31.524,31.459],[31.607,31.455],[31.887,31.542],[32.136,31.341],[32.075,31.344],[31.891,31.483],[31.877,31.414],[31.772,31.292],[32.01,31.221],[32.103,31.092],[32.208,31.118],[32.283,31.2],[32.215,31.294],[32.251,31.296],[32.604,31.068],[33.129,31.169],[33.194,31.084],[33.378,31.131],[33.666,31.131],[33.903,31.181],[34.177,31.304],[34.483,31.592],[34.677,31.896],[35.109,33.084],[35.25,33.393],[35.336,33.504],[35.613,34.032],[35.649,34.249],[35.804,34.438],[35.977,34.547],[35.887,34.948],[35.945,35.224],[35.901,35.42],[35.765,35.571],[35.84,35.849],[35.955,35.998],[35.811,36.309],[35.883,36.406],[36.189,36.66],[36.179,36.807],[36.049,36.91],[35.66,36.724],[35.624,36.653],[35.538,36.597],[35.394,36.575],[34.703,36.816],[34.299,36.604],[33.954,36.295],[33.695,36.182],[32.928,36.096],[32.795,36.037],[32.535,36.101],[32.377,36.184],[32.021,36.535],[31.239,36.821],[30.645,36.866],[30.581,36.797],[30.559,36.526],[30.447,36.269],[30.386,36.243],[30.231,36.307],[29.688,36.156],[29.223,36.325],[29.144,36.398],[29.04,36.693],[28.971,36.715],[28.896,36.674],[28.816,36.675],[28.485,36.804],[28.305,36.813],[28.197,36.686],[28.111,36.646],[28.021,36.634],[28.014,36.67],[28.086,36.752],[27.805,36.736],[27.657,36.675],[27.542,36.684],[27.456,36.712],[27.466,36.747],[28.006,36.832],[28.244,37.03],[27.348,37.019],[27.261,36.976],[27.25,37.08],[27.301,37.127],[27.535,37.163],[27.52,37.248],[27.376,37.34],[27.218,37.389],[27.15,37.604],[27.067,37.658],[27.078,37.688],[27.225,37.726],[27.254,37.882],[27.232,37.979],[26.944,38.063],[26.88,38.056],[26.808,38.139],[26.682,38.198],[26.581,38.149],[26.289,38.278],[26.343,38.37],[26.415,38.368],[26.43,38.441],[26.372,38.562],[26.379,38.625],[26.44,38.641],[26.512,38.63],[26.588,38.557],[26.595,38.418],[26.674,38.335],[26.696,38.406],[26.728,38.418],[26.862,38.373],[27.099,38.415],[27.142,38.451],[26.97,38.448],[26.908,38.481],[26.836,38.557],[26.764,38.71],[26.908,38.776],[27.013,38.887],[26.815,38.962],[26.854,39.116],[26.682,39.292],[26.912,39.517],[26.898,39.55],[26.113,39.467],[26.095,39.521],[26.156,39.656],[26.149,39.873],[26.181,39.989],[26.314,40.024],[26.476,40.198],[26.739,40.401],[27.013,40.396],[27.121,40.453],[27.283,40.456],[27.333,40.377],[27.477,40.319],[27.729,40.328],[27.848,40.382],[27.733,40.481],[27.769,40.51],[27.873,40.514],[27.988,40.489],[27.927,40.38],[27.963,40.37],[28.287,40.403],[28.629,40.377],[29.007,40.39],[29.054,40.423],[28.788,40.535],[28.957,40.63],[29.846,40.738],[29.85,40.76],[29.364,40.809],[29.115,40.937],[29.047,41.007],[29.094,41.177],[29.148,41.22],[29.32,41.227],[29.918,41.151],[30.347,41.198],[30.811,41.085],[31.254,41.107],[31.347,41.158],[31.459,41.319],[32.085,41.59],[32.305,41.729],[33.284,42.005],[34.749,41.956],[35.005,42.064],[35.156,42.028],[35.113,41.956],[35.124,41.89],[35.297,41.729],[35.559,41.633],[35.919,41.713],[36.053,41.682],[36.179,41.427],[36.405,41.274],[36.51,41.262],[36.647,41.352],[36.776,41.363],[36.992,41.276],[37.068,41.184],[37.766,41.08],[37.91,41.002],[38.382,40.925],[39.426,41.106],[39.807,40.982],[40.128,40.943],[40.265,40.962],[40.686,41.107],[40.819,41.191],[40.959,41.212],[41.413,41.423],[41.701,41.705],[41.759,41.817],[41.762,41.97],[41.665,42.147],[41.489,42.659],[41.42,42.738],[41.129,42.828],[41.06,42.93],[40.837,43.064],[40.463,43.146],[39.872,43.474],[39.329,43.897],[38.717,44.288],[38.18,44.42],[37.853,44.699],[37.705,44.661],[37.496,44.696],[37.352,44.788],[37.284,44.906],[37.205,44.972],[36.629,45.151],[36.618,45.185],[36.942,45.289],[36.722,45.371],[36.866,45.427],[37.215,45.272],[37.266,45.31],[37.647,45.378],[37.673,45.489],[37.611,45.5],[37.611,45.566],[37.669,45.654],[37.842,45.8],[37.932,46.001],[38.015,46.048],[38.072,46.017],[38.079,45.935],[38.184,46.095],[38.493,46.09],[38.079,46.394],[37.914,46.406],[37.766,46.637],[37.968,46.618],[38.231,46.701],[38.501,46.664],[38.439,46.814],[39.271,47.045],[39.293,47.105],[39.195,47.269],[39.023,47.272],[38.929,47.177],[38.67,47.144],[38.551,47.15],[38.763,47.262],[38.576,47.239],[38.486,47.175],[38.177,47.081],[37.543,47.074],[37.341,46.916],[37.046,46.876],[36.794,46.715],[36.69,46.763],[36.56,46.763],[36.279,46.659],[36.024,46.666],[35.826,46.624],[35.401,46.381],[35.257,46.204],[35.055,46.104],[35.016,46.105],[35.279,46.279],[35.293,46.371],[35.232,46.44],[35.063,46.267],[34.85,46.19],[34.857,45.987],[35.023,45.701],[35.261,45.447],[35.459,45.316],[35.559,45.31],[35.833,45.402],[36.013,45.371],[36.171,45.453],[36.29,45.456],[36.575,45.394],[36.452,45.232],[36.395,45.066],[36.229,45.026],[35.869,45.005],[35.678,45.102],[35.473,45.099],[35.358,44.979],[35.156,44.897],[35.088,44.803],[34.717,44.807],[34.469,44.722],[34.281,44.538],[34.076,44.423],[33.911,44.387],[33.655,44.434],[33.45,44.553],[33.612,44.908],[33.554,45.097],[33.392,45.187],[33.187,45.194],[32.917,45.349],[32.773,45.359],[32.611,45.328],[32.507,45.404],[33.144,45.75],[33.281,45.765],[33.666,45.947],[33.594,46.097],[33.428,46.057],[33.201,46.177],[32.478,46.083],[32.035,46.262],[31.83,46.282],[31.779,46.324],[31.992,46.364],[32.01,46.43],[31.715,46.472],[31.556,46.555],[32.363,46.475],[32.579,46.616],[32.355,46.565],[32.129,46.597],[32.046,46.642],[31.945,46.784],[31.941,46.982],[31.837,47.157],[31.758,47.213],[31.913,46.927],[31.873,46.651],[31.779,46.631],[31.531,46.664],[31.563,46.777],[31.401,46.628],[31.139,46.624],[30.797,46.552],[30.656,46.267],[30.512,46.105],[30.221,45.868],[29.821,45.732],[29.684,45.755],[29.63,45.722],[29.601,45.6],[29.67,45.541],[29.727,45.343],[29.634,44.98],[29.558,44.843],[29.047,44.758],[29.079,44.798],[29.047,44.925],[29.094,44.975],[28.982,44.993],[28.932,44.967],[28.892,44.918],[28.924,44.81],[28.849,44.717],[28.806,44.566],[28.888,44.574],[28.644,44.296],[28.658,43.984],[28.59,43.798],[28.561,43.501],[28.464,43.389],[28.32,43.427],[28.132,43.396],[27.927,43.185],[27.888,42.75],[27.754,42.706],[27.484,42.468],[27.708,42.35],[27.981,42.047],[28.014,41.969],[27.988,41.856],[28.05,41.729],[28.197,41.555],[28.345,41.467],[29.058,41.229],[28.957,41.009],[28.78,40.974],[28.172,41.081],[27.924,40.991],[27.747,41.014],[27.499,40.974],[27.43,40.84],[27.258,40.687],[26.772,40.498],[26.329,40.123],[26.203,40.075],[26.26,40.203],[26.253,40.314],[26.448,40.444],[26.721,40.545],[26.793,40.627],[26.106,40.611],[26.012,40.769],[25.857,40.844],[25.497,40.887],[25.324,40.943],[25.249,40.932],[25.105,40.995],[24.792,40.857],[24.478,40.948],[24.385,40.913],[24.234,40.786],[24.082,40.724],[23.762,40.748],[23.744,40.677],[23.877,40.545],[23.83,40.481],[23.866,40.418],[24.032,40.41],[24.212,40.328],[24.342,40.147],[24.158,40.279],[23.913,40.359],[23.823,40.368],[23.73,40.33],[23.719,40.286],[23.967,40.114],[24.0,40.024],[23.946,39.965],[23.834,40.022],[23.665,40.224],[23.427,40.264],[23.388,40.222],[23.467,40.075],[23.676,39.958],[23.629,39.923],[23.395,39.989],[23.326,40.09],[23.312,40.217],[22.898,40.399],[22.851,40.491],[22.923,40.59],[22.812,40.578],[22.628,40.496],[22.642,40.366],[22.57,40.12],[22.592,40.036],[22.837,39.8],[22.977,39.564],[23.103,39.491],[23.233,39.359],[23.326,39.175],[23.218,39.104],[23.154,39.101],[23.121,39.134],[23.168,39.21],[23.161,39.259],[22.992,39.332],[22.92,39.305],[22.84,39.259],[22.887,39.17],[22.966,39.031],[23.067,39.038],[22.804,38.901],[22.57,38.868],[23.02,38.741],[23.139,38.668],[23.254,38.661],[23.37,38.526],[23.571,38.49],[23.683,38.352],[23.967,38.274],[24.025,38.141],[24.061,37.774],[24.054,37.71],[23.971,37.677],[23.539,38.033],[23.049,37.903],[23.035,37.878],[23.146,37.795],[23.146,37.717],[23.197,37.62],[23.395,37.58],[23.492,37.464],[23.161,37.333],[23.1,37.365],[23.096,37.441],[22.941,37.517],[22.776,37.585],[22.725,37.542],[22.765,37.394],[22.851,37.29],[23.06,36.854],[23.074,36.774],[23.042,36.644],[23.161,36.448],[22.984,36.528],[22.779,36.787],[22.718,36.793],[22.61,36.78],[22.488,36.568],[22.491,36.446],[22.376,36.514],[22.376,36.701],[22.232,36.882],[22.164,36.903],[22.081,37.03],[21.955,36.99],[21.933,36.804],[21.894,36.738],[21.739,36.863],[21.584,37.082],[21.58,37.2],[21.692,37.309],[21.678,37.387],[21.57,37.542],[21.328,37.67],[21.289,37.774],[21.138,37.854],[21.123,37.892],[21.307,38.028],[21.404,38.196],[21.66,38.175],[21.825,38.328],[21.955,38.321],[22.243,38.189],[22.556,38.113],[22.848,37.967],[22.92,37.958],[22.894,38.05],[23.121,38.073],[23.182,38.134],[23.092,38.196],[22.833,38.234],[22.423,38.439],[22.387,38.385],[22.318,38.358],[21.966,38.413],[21.472,38.321],[21.332,38.488],[21.303,38.373],[21.184,38.345],[21.112,38.385],[20.994,38.654],[20.875,38.776],[20.778,38.807],[20.767,38.875],[20.778,38.927],[20.893,38.941],[21.112,38.896],[21.152,38.922],[21.12,39.029],[20.781,39.009],[20.713,39.035],[20.468,39.255],[20.302,39.326],[20.191,39.545],[20.0,39.71],[19.996,39.8],[19.852,40.043],[19.485,40.21],[19.323,40.408],[19.442,40.375],[19.46,40.406],[19.338,40.663],[19.46,40.934],[19.482,41.236],[19.442,41.425],[19.496,41.562],[19.575,41.64],[19.579,41.788],[19.467,41.856],[19.341,41.87],[19.186,41.949],[19.122,42.061],[18.895,42.25],[18.632,42.378],[18.646,42.442],[18.517,42.434],[17.826,42.797],[17.584,42.837],[17.257,42.968],[17.044,43.015],[17.221,43.026],[17.725,42.85],[17.131,43.211],[16.904,43.392],[16.393,43.543],[16.13,43.507],[15.986,43.52],[15.943,43.569],[15.943,43.656],[15.5,43.909],[15.187,44.171],[15.122,44.257],[15.284,44.29],[15.471,44.272],[15.27,44.383],[14.982,44.604],[14.895,44.706],[14.906,44.972],[14.856,45.081],[14.55,45.298],[14.312,45.338],[14.236,45.159],[13.966,44.836],[13.862,44.838],[13.628,45.109],[13.516,45.482],[13.783,45.628],[13.628,45.77],[13.56,45.77],[13.466,45.71],[13.207,45.772],[13.03,45.637],[12.498,45.461],[12.433,45.468],[12.537,45.545],[12.49,45.546],[12.274,45.446],[12.224,45.241],[12.285,45.208],[12.393,45.04],[12.523,44.968],[12.465,44.845],[12.386,44.798],[12.278,44.833],[12.249,44.722],[12.307,44.43],[12.397,44.224],[12.692,43.994],[12.908,43.922],[13.297,43.685],[13.563,43.571],[13.804,43.18],[14.01,42.689],[14.182,42.507],[14.542,42.245],[14.866,42.052],[15.169,41.934],[15.406,41.913],[15.964,41.939],[16.166,41.896],[16.188,41.814],[16.152,41.758],[15.914,41.621],[15.9,41.512],[16.011,41.436],[16.551,41.232],[17.102,41.062],[17.473,40.84],[17.955,40.654],[18.034,40.564],[18.33,40.371],[18.459,40.22],[18.484,40.104],[18.344,39.821],[18.218,39.852],[18.078,39.937],[17.865,40.279],[17.476,40.314],[17.257,40.399],[17.181,40.503],[17.03,40.514],[16.929,40.458],[16.67,40.137],[16.53,39.859],[16.522,39.748],[16.598,39.639],[16.825,39.578],[17.113,39.38],[17.124,39.137],[17.174,38.998],[17.098,38.92],[16.951,38.939],[16.756,38.889],[16.616,38.8],[16.558,38.715],[16.573,38.493],[16.544,38.41],[16.281,38.25],[16.058,37.941],[15.723,37.939],[15.648,38.035],[15.644,38.175],[15.702,38.262],[15.824,38.304],[15.903,38.484],[15.878,38.615],[15.972,38.712],[16.198,38.759],[16.209,38.941],[16.108,39.024],[16.022,39.354],[15.853,39.627],[15.694,39.989],[15.586,40.054],[15.295,40.069],[14.949,40.239],[14.928,40.309],[14.985,40.378],[14.949,40.469],[14.841,40.63],[14.766,40.668],[14.341,40.599],[14.46,40.729],[14.308,40.812],[14.046,40.812],[14.049,40.87],[13.858,41.13],[13.732,41.236],[13.671,41.255],[13.556,41.232],[13.246,41.29],[13.088,41.245],[13.041,41.265],[12.85,41.41],[12.631,41.47],[12.076,41.941],[11.806,42.081],[11.637,42.288],[11.295,42.423],[11.14,42.39],[11.104,42.416],[11.184,42.456],[11.169,42.534],[10.939,42.739],[10.802,42.804],[10.708,42.935],[10.514,42.967],[10.521,43.205],[10.449,43.371],[10.32,43.514],[10.248,43.852],[10.186,43.948],[10.046,44.02],[9.729,44.1],[9.29,44.319],[8.764,44.421],[8.552,44.347],[8.005,43.876],[7.263,43.696],[6.716,43.373],[6.658,43.262],[6.572,43.199],[6.115,43.073],[6.032,43.1],[5.809,43.099],[5.672,43.179],[5.405,43.229],[5.319,43.345],[5.074,43.366],[5.06,43.444],[4.711,43.373],[4.225,43.479],[4.052,43.593],[3.911,43.564],[3.785,43.461],[3.26,43.192],[3.051,42.915],[3.044,42.838],[3.091,42.592],[3.307,42.29],[3.166,42.257],[3.152,42.163],[3.238,42.083],[3.249,41.944],[3.004,41.767],[2.309,41.467],[2.083,41.288],[1.031,41.062],[0.715,40.823],[0.797,40.804],[0.891,40.722],[0.722,40.63],[0.596,40.614],[0.365,40.319],[0.041,40.014],[-0.326,39.519],[-0.329,39.417],[-0.203,39.062],[-0.034,38.891],[0.157,38.825],[0.2,38.759],[-0.052,38.585],[-0.38,38.436],[-0.52,38.318],[-0.549,38.203],[-0.646,38.151],[-0.682,37.991],[-0.815,37.769],[-0.823,37.712],[-0.722,37.63],[-0.823,37.58],[-1.327,37.561],[-1.64,37.387],[-1.798,37.233],[-1.939,36.946],[-2.111,36.776],[-2.187,36.745],[-2.306,36.82],[-2.453,36.832],[-2.597,36.806],[-2.669,36.748],[-2.788,36.715],[-3.148,36.759],[-3.433,36.708],[-3.829,36.755],[-4.369,36.719],[-4.433,36.7],[-4.675,36.507],[-4.934,36.502],[-5.171,36.424],[-5.33,36.236],[-5.362,36.136],[-5.445,36.151],[-5.463,36.073],[-5.625,36.026],[-5.809,36.089],[-5.96,36.182],[-6.039,36.188],[-6.226,36.427],[-6.269,36.597],[-6.385,36.637],[-6.413,36.729],[-6.327,36.847],[-6.215,36.913],[-6.32,36.908],[-6.395,36.832],[-6.493,36.955],[-6.885,37.195],[-6.863,37.28],[-6.975,37.198],[-7.177,37.208],[-7.493,37.168],[-7.835,37.005],[-7.94,37.005],[-8.138,37.076],[-8.599,37.122],[-8.739,37.075],[-8.847,37.076],[-8.937,37.016],[-8.998,37.033],[-8.815,37.431],[-8.793,37.733],[-8.822,37.872],[-8.879,37.958],[-8.804,38.184],[-8.811,38.3],[-8.879,38.446],[-8.667,38.424],[-8.8,38.517],[-9.214,38.448],[-9.203,38.538],[-9.25,38.656],[-9.092,38.696],[-9.02,38.746],[-8.977,38.804],[-9.002,38.903],[-8.937,38.998],[-8.793,39.078],[-8.955,39.016],[-9.135,38.743],[-9.358,38.698],[-9.473,38.731],[-9.481,38.799],[-9.416,39.113],[-9.351,39.248],[-9.376,39.338],[-9.25,39.425],[-9.149,39.543],[-8.836,40.116],[-8.887,40.179],[-8.872,40.259],[-8.771,40.606],[-8.685,40.753],[-8.66,41.087],[-8.739,41.285],[-8.811,41.653],[-8.757,41.698],[-8.847,41.705],[-8.887,41.765],[-8.879,41.831],[-8.779,41.941],[-8.879,41.948],[-8.887,42.106],[-8.692,42.274],[-8.815,42.284],[-8.811,42.335],[-8.728,42.411],[-8.811,42.47],[-8.811,42.64],[-9.034,42.593],[-9.034,42.663],[-8.926,42.798],[-9.041,42.814],[-9.236,42.977],[-9.178,43.173],[-8.872,43.335],[-8.537,43.336],[-8.249,43.439],[-8.289,43.54],[-8.257,43.58],[-8.005,43.694],[-7.853,43.706],[-7.699,43.765],[-7.594,43.727],[-7.504,43.739],[-7.263,43.595],[-7.061,43.553],[-6.899,43.586],[-6.079,43.595],[-5.848,43.645],[-5.665,43.583],[-5.315,43.553],[-4.523,43.416],[-4.311,43.415],[-3.89,43.5],[-3.775,43.477],[-3.605,43.519],[-3.044,43.371],[-2.875,43.455],[-2.608,43.413],[-2.338,43.328],[-1.993,43.345],[-1.633,43.437],[-1.485,43.564],[-1.345,44.02],[-1.244,44.56],[-1.172,44.661],[-1.078,44.691],[-1.154,44.763],[-1.244,44.666],[-1.19,45.161],[-1.082,45.533],[-0.826,45.381],[-0.765,45.314],[-0.689,45.093],[-0.549,45.001],[-0.643,45.09],[-0.733,45.385],[-0.79,45.468],[-1.197,45.715],[-1.211,45.77],[-1.031,45.741],[-1.103,45.925],[-1.147,46.312],[-1.391,46.35],[-1.787,46.515],[-2.093,46.866],[-2.018,47.038],[-2.083,47.112],[-2.198,47.163],[-2.108,47.263],[-1.921,47.26],[-1.744,47.216],[-1.975,47.31],[-2.353,47.279],[-2.504,47.312],[-2.529,47.381],[-2.428,47.472],[-2.554,47.527],[-2.77,47.513],[-2.795,47.538],[-2.734,47.602],[-2.788,47.626],[-2.965,47.602],[-3.065,47.621],[-3.159,47.694],[-3.443,47.711],[-3.508,47.753],[-3.901,47.838],[-4.311,47.822],[-4.426,47.968],[-4.678,48.039],[-4.628,48.086],[-4.379,48.13],[-4.329,48.17],[-4.513,48.23],[-4.577,48.289],[-4.243,48.303],[-4.394,48.367],[-4.718,48.364],[-4.761,48.451],[-4.721,48.539],[-4.531,48.619],[-4.059,48.708],[-3.713,48.711],[-3.472,48.814],[-3.231,48.841],[-3.004,48.791],[-2.691,48.538],[-2.446,48.649],[-2.079,48.645],[-2.003,48.583],[-1.906,48.697],[-1.823,48.631],[-1.377,48.652],[-1.481,48.697],[-1.564,48.805],[-1.582,49.202],[-1.813,49.491],[-1.87,49.595],[-1.856,49.683],[-1.589,49.668],[-1.366,49.708],[-1.258,49.68],[-1.233,49.494],[-1.139,49.388],[-0.52,49.355],[-0.164,49.296],[0.135,49.402],[0.416,49.449],[0.441,49.473],[0.279,49.463],[0.128,49.508],[0.11,49.558],[0.185,49.702],[0.617,49.862],[1.244,49.998],[1.406,50.088],[1.593,50.253],[1.55,50.294],[1.579,50.739],[1.672,50.885],[1.769,50.935],[1.913,50.991],[2.446,51.067],[2.961,51.265],[3.425,51.393],[3.591,51.4],[3.883,51.355],[4.012,51.397],[4.113,51.36],[4.225,51.386],[4.005,51.444],[3.821,51.409],[3.587,51.454],[3.451,51.541],[3.548,51.589],[3.742,51.596],[3.886,51.574],[4.142,51.456],[4.275,51.471],[4.005,51.596],[4.181,51.61],[3.947,51.81],[4.027,51.928],[4.484,52.31],[4.563,52.442],[4.678,52.81],[4.768,52.942],[4.887,52.909],[5.06,52.961],[5.359,53.096],[5.445,53.214],[5.531,53.268],[6.061,53.407],[6.817,53.442],[6.968,53.327],[7.198,53.282],[7.054,53.376],[7.108,53.556],[7.205,53.655],[7.63,53.697],[8.008,53.69],[8.167,53.544],[8.109,53.468],[8.199,53.433],[8.246,53.445],[8.332,53.607],[8.494,53.515],[8.494,53.395],[8.537,53.556],[8.505,53.671],[8.527,53.78],[8.62,53.876],[8.897,53.836],[9.207,53.857],[9.322,53.813],[9.585,53.6],[9.783,53.555],[9.632,53.6],[9.311,53.858],[8.977,53.926],[8.905,54.001],[8.908,54.261],[8.779,54.313],[8.645,54.294],[8.627,54.353],[8.649,54.398],[8.951,54.468],[8.959,54.539],[8.681,54.792],[8.66,54.987],[8.573,55.134],[8.671,55.155],[8.653,55.329],[8.617,55.419],[8.131,55.6],[8.203,55.982],[8.12,56.14],[8.163,56.606],[8.282,56.617],[8.552,56.56],[8.671,56.495],[8.717,56.544],[8.735,56.627],[8.887,56.735],[9.067,56.794],[9.196,56.702],[9.254,57.011],[9.11,57.044],[8.991,57.016],[8.771,56.725],[8.469,56.664],[8.267,56.754],[8.285,56.853],[8.62,57.112],[9.434,57.174],[9.553,57.233],[9.963,57.58],[10.258,57.617],[10.532,57.735],[10.611,57.737],[10.46,57.615],[10.446,57.563],[10.536,57.448],[10.525,57.244],[10.294,56.999],[10.284,56.62],[10.489,56.52],[10.845,56.521],[10.928,56.443],[10.856,56.296],[10.755,56.242],[10.539,56.2],[10.428,56.277],[10.374,56.252],[10.32,56.212],[10.183,55.865],[10.017,55.876],[9.905,55.843],[10.024,55.761],[9.898,55.707],[9.592,55.494],[9.671,55.266],[9.643,55.206],[9.506,55.117],[9.455,55.039],[9.571,55.041],[9.689,55.001],[9.733,54.968],[9.704,54.928],[9.747,54.808],[9.891,54.78],[10.021,54.674],[10.028,54.581],[9.869,54.473],[10.143,54.489],[10.212,54.409],[10.359,54.438],[10.73,54.317],[11.014,54.379],[11.065,54.28],[11.007,54.181],[10.809,54.075],[10.856,54.009],[11.104,54.009],[11.4,53.945],[11.796,54.145],[12.112,54.169],[12.577,54.468],[13.03,54.41],[13.149,54.282],[13.448,54.141],[13.725,54.154],[13.822,54.02],[13.866,53.853],[13.952,53.801],[14.582,53.64],[14.557,53.824],[13.927,53.879],[13.902,53.938],[13.923,53.997],[13.826,54.06],[13.826,54.127],[14.251,53.931],[14.384,53.924],[15.288,54.14],[16.188,54.291],[16.558,54.555],[16.886,54.596],[17.26,54.73],[18.085,54.836],[18.322,54.838],[18.758,54.685],[18.801,54.633],[18.438,54.745],[18.668,54.431],[18.837,54.369],[18.978,54.35],[19.406,54.386],[19.561,54.435],[19.86,54.634],[19.942,54.751],[19.975,54.921],[20.108,54.957],[20.396,54.952],[20.522,54.995],[20.68,55.103],[21.015,55.402],[21.116,55.617],[21.105,55.489],[21.033,55.35],[20.594,54.982],[20.889,54.909],[21.188,54.935],[21.235,55.272],[21.202,55.344],[21.238,55.456],[21.062,55.813],[21.015,56.259],[21.033,56.636],[21.073,56.823],[21.35,57.018],[21.458,57.322],[21.728,57.572],[22.556,57.724],[22.65,57.596],[23.136,57.323],[23.287,57.089],[23.647,56.971],[23.931,57.009],[24.28,57.172],[24.381,57.251],[24.403,57.325],[24.363,57.645],[24.302,57.784],[24.331,57.91],[24.464,58.106],[24.489,58.261],[24.55,58.304],[24.529,58.355],[24.338,58.381],[24.237,58.29],[24.115,58.266],[23.769,58.362],[23.704,58.433],[23.69,58.506],[23.564,58.575],[23.51,58.658],[23.532,58.716],[23.679,58.787],[23.503,58.79],[23.431,58.921],[23.514,58.999],[23.467,59.032],[23.517,59.108],[23.496,59.195],[23.784,59.275],[24.082,59.292],[24.054,59.372],[24.176,59.375],[24.381,59.473],[24.583,59.455],[24.878,59.521],[25.443,59.521],[25.522,59.559],[25.508,59.639],[26.624,59.554],[26.973,59.45],[27.891,59.414],[28.003,59.469],[28.064,59.554],[28.014,59.724],[28.057,59.782],[28.132,59.787],[28.212,59.724],[28.334,59.693],[28.424,59.735],[28.453,59.815],[28.518,59.849],[28.748,59.806],[28.946,59.829],[29.148,60.0],[29.67,59.955],[30.123,59.874],[30.156,59.905],[30.174,59.957],[29.976,60.026],[29.871,60.12],[29.72,60.195],[29.068,60.191],[28.813,60.332],[28.644,60.375],[28.492,60.54],[28.622,60.492],[28.651,60.611],[28.514,60.677],[28.179,60.572],[27.762,60.533],[27.463,60.466],[27.204,60.544],[26.952,60.471],[26.534,60.414],[26.52,60.471],[26.602,60.596],[26.606,60.627],[26.57,60.625],[26.455,60.467],[26.379,60.424],[26.206,60.407],[26.037,60.474],[25.954,60.474],[26.037,60.342],[25.947,60.348],[25.756,60.268],[25.717,60.268],[25.656,60.334],[25.454,60.261],[25.267,60.249],[25.155,60.195],[24.601,60.115],[24.446,60.021],[24.342,60.042],[23.722,59.966],[23.463,59.986],[23.182,59.844],[23.02,59.816],[22.963,59.827],[23.19,59.973],[23.197,60.021],[22.995,60.099],[22.912,60.21],[22.866,60.216],[22.819,60.101],[22.75,60.058],[22.462,60.03],[22.437,60.091],[22.47,60.146],[22.444,60.157],[22.47,60.202],[22.588,60.228],[22.588,60.256],[22.513,60.282],[22.585,60.381],[22.257,60.401],[21.854,60.506],[21.804,60.594],[21.613,60.532],[21.436,60.596],[21.361,60.967],[21.379,61.059],[21.48,61.17],[21.512,61.282],[21.508,61.485],[21.566,61.485],[21.498,61.552],[21.606,61.592],[21.386,61.915],[21.256,61.99],[21.354,62.224],[21.343,62.278],[21.325,62.342],[21.166,62.413],[21.105,62.623],[21.145,62.74],[21.458,62.95],[21.472,63.033],[21.652,63.04],[21.57,63.113],[21.544,63.205],[21.8,63.238],[21.897,63.21],[22.318,63.311],[22.243,63.438],[22.347,63.443],[22.318,63.504],[22.398,63.491],[22.527,63.58],[22.531,63.648],[22.758,63.684],[23.496,64.035],[23.6,64.04],[23.654,64.134],[23.924,64.274],[24.021,64.386],[24.277,64.516],[24.529,64.738],[24.558,64.8],[24.943,64.884],[25.288,64.861],[25.281,64.917],[25.227,64.951],[25.371,65.009],[25.339,65.099],[25.256,65.142],[25.346,65.479],[25.242,65.547],[24.838,65.66],[24.676,65.67],[24.583,65.757],[24.63,65.859],[24.403,65.781],[24.237,65.813],[23.892,65.783],[23.69,65.828],[23.222,65.786],[23.103,65.736],[22.747,65.872],[22.538,65.795],[22.401,65.863],[22.286,65.75],[22.254,65.597],[22.088,65.611],[22.149,65.552],[21.919,65.533],[21.904,65.509],[21.951,65.471],[21.879,65.424],[21.566,65.408],[21.523,65.359],[21.613,65.299],[21.609,65.262],[21.411,65.318],[21.544,65.207],[21.573,65.125],[21.195,64.877],[21.138,64.809],[21.278,64.724],[21.393,64.543],[21.519,64.464],[21.465,64.38],[21.019,64.177],[20.763,63.868],[20.205,63.662],[19.914,63.611],[19.78,63.538],[19.723,63.464],[19.503,63.509],[19.496,63.424],[19.356,63.478],[19.237,63.347],[19.035,63.238],[18.816,63.257],[18.794,63.238],[18.859,63.207],[18.607,63.179],[18.531,63.063],[18.344,63.031],[18.312,62.997],[18.502,62.988],[18.463,62.896],[18.247,62.849],[18.171,62.79],[18.074,62.79],[18.092,62.835],[17.952,62.834],[17.908,62.887],[17.88,62.873],[17.973,62.721],[17.905,62.66],[18.038,62.601],[17.646,62.452],[17.412,62.509],[17.372,62.427],[17.43,62.335],[17.635,62.233],[17.509,62.167],[17.376,61.867],[17.466,61.684],[17.196,61.724],[17.217,61.657],[17.131,61.575],[17.163,61.459],[17.138,61.382],[17.199,61.313],[17.163,61.278],[17.203,60.952],[17.278,60.813],[17.25,60.7],[17.361,60.641],[17.556,60.643],[17.66,60.535],[17.955,60.591],[18.013,60.511],[18.164,60.408],[18.25,60.361],[18.402,60.337],[18.556,60.254],[18.535,60.153],[18.787,60.08],[18.934,59.943],[18.992,59.829],[18.97,59.757],[18.276,59.438],[18.164,59.431],[17.966,59.36],[17.98,59.329],[18.132,59.316],[18.272,59.367],[18.56,59.395],[18.618,59.327],[18.416,59.29],[18.373,59.179],[18.286,59.11],[17.829,58.955],[17.764,58.966],[16.98,58.655],[16.317,58.664],[16.213,58.636],[16.789,58.586],[16.926,58.492],[16.652,58.435],[16.771,58.214],[16.699,58.16],[16.695,57.917],[16.598,57.914],[16.555,57.813],[16.587,57.761],[16.605,57.568],[16.652,57.501],[16.63,57.429],[16.476,57.264],[16.53,57.068],[16.35,56.709],[16.152,56.501],[15.997,56.223],[15.828,56.126],[15.626,56.186],[15.327,56.152],[14.784,56.162],[14.715,56.134],[14.755,56.034],[14.654,56.02],[14.56,56.049],[14.402,55.976],[14.215,55.832],[14.204,55.73],[14.341,55.528],[14.175,55.396],[13.808,55.428],[13.322,55.346],[12.886,55.412],[12.94,55.482],[12.973,55.749],[12.472,56.291],[12.706,56.235],[12.8,56.264],[12.656,56.44],[12.858,56.452],[12.919,56.516],[12.883,56.617],[12.717,56.662],[12.573,56.823],[12.422,56.907],[12.152,57.226],[12.055,57.447],[11.961,57.426],[11.878,57.679],[11.734,57.718],[11.702,57.973],[11.551,58.001],[11.45,58.119],[11.432,58.341],[11.331,58.381],[11.248,58.369],[11.27,58.476],[11.209,58.867],[11.148,58.988],[11.194,59.079],[11.295,59.087],[11.389,59.037],[11.385,59.066],[11.367,59.105],[10.834,59.184],[10.644,59.389],[10.597,59.764],[10.536,59.697],[10.568,59.587],[10.399,59.52],[10.456,59.377],[10.431,59.28],[10.179,59.009],[10.082,59.028],[9.959,58.967],[9.844,58.959],[9.801,59.026],[9.635,59.118],[9.556,59.113],[9.697,59.009],[9.657,58.971],[9.311,58.856],[9.394,58.806],[9.322,58.747],[9.239,58.738],[9.178,58.676],[8.93,58.57],[8.523,58.301],[8.167,58.145],[8.037,58.148],[7.875,58.08],[7.465,58.021],[7.195,58.047],[7.004,58.025],[6.903,58.07],[6.914,58.143],[6.878,58.152],[6.802,58.155],[6.73,58.068],[6.554,58.124],[6.694,58.224],[6.658,58.263],[6.388,58.268],[6.053,58.375],[5.978,58.433],[5.708,58.523],[5.585,58.62],[5.517,58.726],[5.557,58.974],[5.611,59.013],[6.1,58.87],[6.363,59.0],[6.32,59.016],[6.1,58.952],[5.888,59.061],[5.888,59.098],[5.949,59.136],[5.967,59.186],[5.938,59.235],[5.953,59.299],[6.417,59.547],[6.28,59.535],[5.845,59.353],[5.564,59.29],[5.467,59.204],[5.362,59.167],[5.171,59.162],[5.132,59.226],[5.243,59.565],[5.305,59.643],[5.402,59.655],[5.474,59.714],[5.773,59.66],[5.866,59.735],[6.215,59.818],[5.834,59.796],[5.762,59.808],[5.729,59.863],[6.071,60.084],[6.14,60.233],[6.349,60.353],[6.518,60.408],[6.572,60.36],[6.525,60.153],[6.719,60.419],[6.997,60.512],[6.349,60.419],[6.154,60.346],[5.906,60.151],[5.877,60.07],[5.697,60.011],[5.495,59.825],[5.146,59.639],[5.11,59.667],[5.117,59.834],[5.218,59.98],[5.175,60.046],[5.207,60.087],[5.495,60.07],[5.69,60.124],[5.657,60.155],[5.416,60.155],[5.287,60.205],[5.182,60.308],[5.135,60.445],[5.168,60.485],[5.647,60.688],[5.589,60.695],[5.449,60.617],[5.243,60.57],[5.117,60.636],[5.049,60.707],[5.009,60.858],[5.009,61.039],[5.096,61.071],[5.506,61.056],[5.985,61.117],[6.417,61.084],[6.611,61.137],[6.777,61.143],[6.971,61.056],[6.982,60.993],[7.04,60.953],[7.079,60.966],[7.04,61.091],[7.605,61.21],[7.403,61.223],[7.346,61.301],[7.443,61.434],[7.331,61.372],[7.277,61.283],[7.299,61.214],[7.277,61.181],[7.173,61.165],[6.943,61.16],[6.658,61.207],[6.611,61.229],[6.626,61.28],[6.601,61.29],[6.493,61.155],[6.385,61.134],[6.082,61.167],[5.326,61.108],[5.107,61.188],[5.02,61.25],[5.002,61.434],[5.337,61.485],[5.168,61.544],[5.099,61.62],[4.995,61.644],[4.927,61.71],[4.909,61.809],[4.93,61.879],[4.984,61.901],[5.467,61.896],[6.017,61.787],[6.467,61.808],[6.73,61.87],[6.133,61.853],[5.474,61.946],[5.269,61.936],[5.161,61.957],[5.096,62.026],[5.143,62.16],[5.24,62.189],[5.359,62.151],[5.535,62.311],[5.909,62.415],[6.082,62.349],[6.579,62.406],[6.691,62.467],[6.136,62.408],[6.118,62.446],[6.237,62.519],[6.273,62.584],[6.352,62.611],[6.961,62.627],[7.285,62.603],[7.493,62.544],[7.691,62.585],[7.526,62.61],[7.537,62.672],[7.803,62.721],[8.095,62.731],[8.044,62.771],[7.407,62.712],[7.241,62.752],[6.781,62.702],[6.734,62.721],[6.939,62.931],[7.389,63.023],[7.573,63.099],[8.102,63.09],[8.21,62.995],[8.624,62.846],[8.609,62.88],[8.235,63.082],[8.159,63.162],[8.185,63.236],[8.271,63.287],[8.581,63.313],[8.635,63.342],[8.642,63.393],[8.595,63.426],[8.386,63.445],[8.361,63.498],[8.397,63.535],[8.674,63.623],[8.843,63.646],[9.135,63.594],[9.157,63.566],[9.077,63.5],[9.085,63.464],[9.157,63.458],[9.322,63.57],[9.697,63.625],[9.934,63.479],[9.977,63.396],[10.021,63.391],[10.19,63.455],[10.759,63.462],[10.672,63.557],[10.726,63.625],[11.371,63.806],[11.306,63.875],[11.176,63.899],[11.457,64.004],[11.428,64.024],[11.306,64.049],[11.076,63.988],[10.914,63.92],[11.047,63.846],[10.935,63.771],[10.338,63.571],[10.057,63.512],[9.923,63.521],[9.769,63.7],[9.596,63.679],[9.567,63.707],[9.614,63.795],[9.707,63.865],[9.866,63.919],[10.01,64.083],[10.237,64.179],[10.564,64.419],[10.834,64.495],[10.932,64.578],[11.227,64.679],[11.526,64.745],[11.634,64.814],[11.562,64.818],[11.295,64.755],[11.349,64.906],[11.49,64.976],[12.159,65.179],[12.307,65.085],[12.508,65.099],[12.739,65.214],[12.915,65.339],[12.418,65.184],[12.364,65.193],[12.336,65.241],[12.199,65.245],[12.134,65.28],[12.123,65.363],[12.274,65.568],[12.627,65.806],[12.688,65.903],[12.818,65.953],[13.034,65.957],[12.976,66.019],[12.796,66.069],[12.786,66.101],[13.387,66.182],[13.675,66.181],[14.035,66.297],[13.974,66.319],[13.12,66.231],[13.07,66.431],[13.106,66.54],[13.192,66.536],[13.21,66.641],[13.311,66.701],[13.452,66.715],[13.621,66.795],[13.959,66.795],[13.704,66.852],[13.653,66.908],[13.88,66.965],[14.11,67.12],[14.776,67.194],[15.417,67.203],[15.435,67.246],[15.298,67.257],[14.442,67.271],[14.755,67.498],[14.964,67.575],[15.41,67.474],[15.594,67.349],[15.576,67.444],[15.691,67.521],[15.662,67.543],[15.486,67.516],[15.248,67.602],[15.219,67.656],[15.345,67.734],[15.306,67.766],[15.039,67.682],[14.856,67.663],[14.78,67.675],[14.82,67.75],[14.798,67.809],[15.05,67.956],[15.133,67.972],[15.399,67.92],[15.622,67.948],[15.604,67.988],[15.356,68.003],[15.291,68.036],[15.316,68.069],[16.008,68.229],[16.065,68.2],[16.119,68.028],[16.26,67.887],[16.314,67.882],[16.26,68.002],[16.393,68.092],[16.26,68.144],[16.173,68.281],[16.206,68.318],[16.389,68.389],[16.62,68.406],[16.951,68.354],[17.552,68.427],[17.57,68.448],[17.426,68.482],[16.584,68.467],[16.526,68.491],[16.515,68.533],[16.652,68.627],[16.886,68.686],[17.131,68.694],[17.39,68.8],[17.491,68.878],[17.545,69.002],[17.703,69.101],[18.103,69.156],[18.078,69.324],[18.261,69.47],[18.38,69.439],[18.484,69.364],[18.859,69.314],[18.916,69.335],[18.625,69.434],[18.614,69.491],[18.992,69.561],[19.039,69.661],[19.197,69.748],[19.687,69.805],[19.723,69.781],[19.64,69.423],[19.737,69.503],[19.863,69.722],[19.96,69.824],[20.068,69.883],[20.324,69.946],[20.389,69.868],[20.338,69.616],[20.043,69.356],[20.108,69.342],[20.486,69.541],[20.738,69.521],[20.562,69.633],[20.533,69.692],[20.547,69.85],[20.623,69.915],[21.163,69.889],[21.253,70.003],[21.433,70.014],[21.933,69.814],[21.976,69.835],[21.894,70.005],[21.804,70.066],[21.4,70.175],[21.346,70.208],[21.357,70.234],[21.537,70.258],[21.782,70.231],[21.994,70.293],[22.056,70.276],[22.221,70.309],[22.322,70.265],[22.383,70.278],[22.423,70.338],[22.686,70.375],[22.941,70.305],[23.046,70.102],[23.258,69.993],[23.355,69.984],[23.398,70.021],[23.287,70.106],[23.33,70.208],[23.38,70.248],[23.661,70.399],[23.899,70.479],[24.039,70.486],[24.284,70.663],[24.421,70.703],[24.403,70.745],[24.27,70.772],[24.262,70.826],[24.658,71.001],[24.766,71.008],[25.263,70.843],[25.436,70.911],[25.713,70.869],[25.767,70.854],[25.782,70.817],[25.274,70.552],[25.209,70.489],[25.148,70.324],[24.993,70.218],[24.982,70.144],[25.044,70.109],[25.213,70.137],[25.418,70.236],[25.472,70.34],[26.505,70.913],[26.66,70.939],[26.736,70.854],[26.674,70.741],[26.559,70.67],[26.646,70.637],[26.584,70.409],[26.988,70.512],[27.182,70.745],[27.308,70.804],[27.546,70.804],[27.556,70.828],[27.268,70.909],[27.236,70.948],[27.333,70.996],[27.596,71.092],[28.143,71.043],[28.392,70.975],[28.384,70.869],[28.273,70.798],[27.898,70.679],[27.999,70.665],[28.215,70.705],[28.273,70.668],[28.204,70.576],[28.165,70.361],[28.194,70.248],[28.309,70.442],[28.438,70.501],[28.485,70.62],[28.608,70.76],[28.831,70.864],[29.101,70.861],[29.396,70.734],[29.637,70.705],[29.738,70.647],[30.066,70.703],[30.239,70.623],[30.213,70.543],[30.595,70.524],[30.926,70.401],[30.962,70.343],[30.944,70.274],[30.469,70.198],[30.264,70.125],[29.925,70.097],[28.78,70.146],[28.806,70.092],[29.601,69.977],[29.648,69.944],[29.619,69.817],[29.695,69.745],[30.087,69.717],[30.156,69.746],[30.181,69.842],[30.239,69.863],[30.35,69.835],[30.397,69.732],[30.429,69.722],[30.483,69.795],[30.714,69.795],[31.049,69.769],[31.452,69.689],[31.668,69.72],[31.79,69.816],[31.999,69.811],[32.031,69.835],[31.97,69.915],[31.985,69.953],[33.007,69.722],[32.996,69.627],[32.913,69.602],[32.175,69.673],[32.093,69.632],[32.33,69.554],[32.377,69.479],[33.0,69.47],[33.021,69.446],[32.942,69.383],[32.978,69.368],[33.385,69.444],[33.453,69.429],[33.464,69.378],[33.414,69.267],[33.327,69.153],[33.14,69.069],[33.435,69.13],[33.684,69.311],[34.231,69.312],[35.009,69.222],[35.174,69.231],[35.289,69.276],[35.858,69.193],[37.73,68.693],[38.357,68.415],[38.429,68.356],[38.832,68.325],[39.57,68.071],[39.822,68.059],[39.746,68.163],[39.811,68.151],[40.38,67.831],[40.967,67.713],[41.06,67.444],[41.132,67.385],[41.132,67.267],[41.359,67.21],[41.355,67.121],[41.276,66.915],[41.19,66.826],[40.52,66.446],[40.103,66.3],[39.289,66.132],[38.655,66.069],[37.899,66.095],[36.985,66.273],[36.373,66.302],[35.513,66.396],[34.825,66.611],[34.483,66.55],[34.397,66.613],[34.451,66.651],[34.145,66.703],[33.893,66.707],[33.594,66.785],[33.482,66.764],[33.151,66.844],[32.849,67.021],[32.931,67.087],[32.399,67.153],[31.895,67.161],[32.201,67.113],[32.499,67.003],[32.463,66.917],[32.863,66.722],[33.18,66.681],[33.223,66.604],[33.183,66.575],[33.216,66.531],[33.655,66.443],[33.594,66.385],[33.36,66.33],[34.112,66.226],[34.4,66.128],[34.692,65.951],[34.785,65.865],[34.778,65.769],[34.616,65.51],[34.407,65.396],[34.67,65.168],[34.803,64.986],[34.832,64.8],[34.951,64.755],[34.857,64.707],[34.868,64.561],[35.034,64.441],[35.433,64.347],[35.646,64.379],[36.146,64.189],[36.366,64.004],[37.442,63.813],[37.637,63.894],[37.968,63.95],[38.072,64.026],[38.061,64.09],[37.979,64.207],[37.953,64.32],[37.741,64.398],[37.431,64.373],[37.183,64.408],[36.578,64.792],[36.528,64.847],[36.535,64.939],[36.654,64.936],[36.787,64.988],[36.884,65.172],[37.14,65.195],[37.529,65.108],[38.011,64.879],[38.411,64.858],[38.54,64.792],[39.055,64.714],[39.566,64.571],[39.757,64.576],[39.847,64.691],[40.059,64.771],[40.203,64.785],[40.409,64.755],[40.445,64.778],[40.283,64.998],[40.142,65.063],[39.797,65.349],[39.75,65.448],[39.818,65.597],[40.329,65.752],[40.693,65.964],[41.075,66.021],[41.474,66.123],[41.78,66.259],[42.083,66.465],[42.212,66.519],[42.45,66.483],[42.601,66.422],[43.235,66.415],[43.551,66.321],[43.652,66.252],[43.551,66.174],[43.541,66.123],[43.739,66.158],[43.843,66.142],[44.106,66.009],[44.145,66.113],[44.099,66.234],[44.221,66.406],[44.487,66.672],[44.437,66.795],[44.43,66.937],[44.405,67.003],[44.293,67.099],[44.073,67.167],[43.854,67.189],[43.782,67.255],[43.857,67.439],[44.037,67.67],[44.225,67.996],[44.203,68.253],[44.171,68.326],[43.404,68.609],[43.332,68.673],[43.472,68.68],[44.048,68.548],[45.078,68.578],[45.521,68.547],[45.891,68.479],[46.683,67.97],[46.691,67.849],[45.528,67.757],[44.941,67.477],[44.901,67.413],[44.941,67.351],[45.564,67.186],[45.884,66.891],[45.985,66.852],[46.298,66.842],[46.493,66.8],[47.497,66.931],[47.655,66.976],[47.709,67.045],[47.767,67.276],[47.907,67.455],[47.875,67.585],[48.653,67.696],[48.833,67.682],[48.879,67.731],[48.696,67.875],[48.753,67.896],[48.955,67.854],[49.157,67.87],[49.931,68.066],[50.838,68.351],[51.335,68.403],[51.994,68.538],[52.13,68.533],[52.285,68.46],[52.184,68.375],[52.321,68.34],[52.397,68.352],[52.67,68.427],[52.724,68.484],[52.649,68.507],[52.552,68.592],[52.343,68.607],[52.685,68.731],[53.801,68.996],[54.492,68.993],[53.797,68.908],[53.797,68.885],[53.97,68.844],[53.891,68.802],[53.758,68.634],[53.916,68.536],[53.93,68.436],[53.83,68.382],[53.689,68.403],[53.344,68.344],[53.261,68.267],[53.966,68.227],[54.478,68.295],[54.719,68.184],[54.863,68.201],[54.924,68.373],[55.417,68.568],[55.676,68.576],[56.044,68.649],[56.62,68.62],[57.127,68.554],[58.175,68.89],[58.236,68.833],[58.355,68.916],[59.057,69.007],[59.111,68.896],[59.37,68.738],[59.222,68.691],[59.111,68.616],[59.1,68.444],[59.726,68.352],[59.86,68.396],[59.924,68.472],[59.942,68.51],[59.867,68.606],[59.896,68.706],[60.49,68.729],[60.637,68.786],[60.932,68.986],[60.857,69.146],[60.666,69.111],[60.338,69.456],[60.169,69.59],[60.277,69.653],[60.558,69.692],[60.911,69.847],[61.771,69.764],[62.632,69.743],[63.362,69.675],[64.19,69.535],[64.928,69.326],[64.896,69.248],[65.033,69.271],[65.735,69.132],[65.814,69.076],[66.415,68.948],[67.002,68.873],[67.15,68.753],[67.639,68.58],[67.729,68.514],[68.158,68.404],[68.37,68.314],[68.503,68.349],[68.831,68.568],[69.14,68.951],[68.924,68.956],[68.762,68.918],[68.543,68.967],[68.118,69.236],[68.071,69.42],[68.006,69.481],[67.625,69.585],[67.063,69.694],[66.962,69.656],[66.898,69.554],[66.804,69.66],[66.804,69.739],[66.926,70.014],[67.07,70.005],[67.24,70.107],[67.146,70.22],[67.247,70.5],[67.286,70.739],[67.142,70.838],[66.822,70.797],[66.703,70.819],[66.667,70.901],[66.847,71.064],[66.692,71.041],[66.638,71.081],[66.768,71.14],[66.919,71.283],[67.542,71.413],[68.269,71.682],[68.608,72.014],[68.831,72.392],[69.04,72.67],[69.392,72.956],[69.695,72.977],[69.709,72.956],[69.644,72.897],[69.738,72.885],[71.499,72.915],[71.931,72.819],[72.1,72.829],[72.445,72.79],[72.813,72.691],[72.751,72.343],[72.575,72.012],[72.28,71.696],[72.129,71.609],[71.913,71.548],[71.866,71.458],[72.078,71.307],[72.582,71.151],[72.705,70.963],[72.733,70.823],[72.701,70.458],[72.471,70.276],[72.528,70.173],[72.6,69.793],[72.615,69.484],[72.557,69.378],[72.528,69.154],[72.579,68.969],[72.679,68.875],[72.813,68.816],[73.547,68.574],[73.59,68.482],[73.464,68.43],[73.14,68.182],[73.129,68.09],[73.173,67.974],[73.151,67.864],[73.068,67.767],[72.949,67.696],[72.593,67.587],[71.848,67.007],[71.668,66.939],[71.365,66.962],[71.553,66.76],[71.538,66.682],[71.344,66.687],[70.941,66.549],[70.725,66.519],[70.383,66.602],[70.444,66.668],[70.692,66.745],[70.581,66.753],[70.444,66.698],[70.282,66.686],[69.878,66.845],[69.742,66.814],[69.216,66.828],[69.014,66.788],[69.194,66.578],[69.983,66.401],[70.339,66.342],[71.358,66.359],[71.916,66.247],[72.067,66.253],[72.323,66.332],[72.417,66.561],[73.515,66.861],[73.792,66.995],[73.882,67.085],[73.986,67.328],[74.076,67.415],[74.677,67.694],[74.771,67.766],[74.789,67.897],[74.742,68.073],[74.634,68.219],[74.393,68.42],[74.479,68.66],[74.58,68.752],[75.124,68.861],[76.107,68.976],[76.459,68.979],[76.607,68.897],[76.737,68.778],[77.111,68.595],[77.237,68.47],[77.262,68.316],[77.248,67.941],[77.176,67.778],[77.773,67.571],[78.922,67.588],[78.839,67.632],[77.59,67.752],[77.521,67.91],[77.536,68.007],[77.665,68.191],[77.997,68.26],[77.907,68.482],[77.784,68.63],[77.651,68.903],[77.467,68.904],[76.647,69.118],[76.002,69.236],[75.419,69.239],[75.052,69.116],[74.814,69.09],[74.364,69.144],[73.979,69.114],[73.835,69.144],[73.777,69.198],[73.893,69.418],[73.831,69.503],[73.561,69.706],[73.579,69.804],[73.831,70.175],[74.343,70.578],[74.31,70.654],[73.731,71.069],[73.576,71.217],[73.151,71.385],[73.086,71.444],[73.673,71.845],[74.49,71.996],[74.991,72.145],[75.091,72.264],[75.099,72.421],[75.009,72.619],[74.785,72.812],[74.944,72.854],[75.153,72.852],[75.369,72.796],[75.603,72.581],[75.592,72.458],[75.743,72.296],[75.549,72.171],[75.394,71.984],[75.275,71.96],[75.246,71.814],[75.502,71.654],[75.469,71.534],[75.279,71.43],[75.333,71.342],[75.732,71.265],[76.11,71.218],[76.744,71.203],[76.927,71.128],[76.996,71.18],[77.59,71.168],[78.069,70.986],[78.321,70.93],[78.526,70.911],[79.015,70.949],[79.084,71.001],[78.724,70.975],[78.49,71.026],[78.385,71.086],[78.213,71.267],[77.91,71.324],[77.482,71.312],[76.434,71.552],[76.312,71.595],[76.031,71.911],[76.423,72.007],[76.87,72.033],[77.061,72.005],[77.55,71.842],[77.777,71.836],[78.187,71.908],[78.234,71.953],[78.141,72.045],[78.018,72.092],[77.781,72.114],[77.493,72.073],[77.41,72.107],[77.439,72.156],[77.471,72.192],[77.734,72.229],[77.968,72.329],[78.483,72.395],[79.422,72.382],[79.955,72.224],[80.761,72.09],[80.815,72.053],[80.855,71.97],[81.661,71.717],[82.079,71.706],[82.759,71.764],[83.105,71.72],[83.235,71.668],[82.975,71.451],[82.324,71.26],[82.237,70.998],[82.335,70.807],[82.162,70.599],[82.219,70.396],[82.259,70.543],[82.453,70.691],[82.594,70.89],[82.867,70.955],[83.011,70.896],[83.051,70.816],[83.058,70.694],[83.029,70.581],[82.921,70.408],[82.684,70.218],[82.857,70.104],[83.08,70.094],[83.13,70.158],[83.073,70.278],[83.497,70.345],[83.659,70.418],[83.735,70.547],[83.58,70.765],[83.335,70.989],[83.152,71.104],[83.267,71.276],[83.551,71.543],[83.573,71.595],[83.533,71.684],[83.339,71.828],[83.199,71.875],[82.644,71.925],[82.32,72.073],[82.183,72.237],[82.093,72.265],[81.795,72.326],[81.1,72.39],[80.826,72.487],[80.657,72.711],[80.841,72.949],[80.758,73.026],[80.509,73.086],[80.423,73.23],[80.398,73.357],[80.596,73.474],[80.563,73.515],[80.581,73.569],[81.816,73.659],[83.544,73.666],[84.739,73.763],[85.078,73.72],[85.449,73.734],[85.611,73.822],[86.59,73.894],[86.892,73.887],[87.029,73.824],[86.367,73.619],[86.093,73.578],[85.827,73.493],[85.794,73.439],[85.819,73.328],[86.676,73.107],[86.716,73.126],[85.971,73.347],[85.909,73.39],[85.938,73.456],[86.093,73.519],[86.377,73.569],[87.119,73.616],[87.371,73.756],[87.573,73.81],[87.209,73.878],[86.698,74.196],[86.572,74.244],[86.003,74.315],[86.183,74.423],[86.395,74.451],[86.665,74.414],[86.899,74.326],[87.231,74.364],[86.424,74.586],[85.791,74.645],[85.881,74.741],[86.061,74.729],[86.201,74.815],[86.651,74.682],[87.043,74.779],[87.418,74.94],[87.468,75.013],[87.141,75.072],[86.939,75.069],[86.921,75.112],[87.007,75.17],[87.169,75.192],[87.67,75.13],[88.505,75.291],[88.732,75.369],[89.311,75.47],[89.596,75.458],[90.186,75.591],[91.479,75.65],[91.846,75.723],[92.408,75.749],[94.074,75.913],[94.157,75.959],[93.686,75.921],[93.574,75.956],[93.405,75.9],[93.178,75.959],[93.07,75.913],[92.89,75.909],[92.858,75.98],[92.973,76.076],[93.106,76.025],[93.261,76.098],[93.65,76.055],[94.103,76.124],[94.506,76.109],[94.575,76.152],[95.039,76.114],[95.579,76.137],[96.076,76.083],[95.986,76.01],[95.655,75.892],[95.745,75.873],[95.936,75.926],[96.508,76.006],[96.602,75.991],[96.497,75.892],[96.879,75.932],[97.35,76.034],[97.498,75.98],[97.638,76.029],[97.671,76.078],[97.919,76.088],[98.02,76.133],[98.661,76.242],[99.564,76.109],[99.77,76.029],[99.604,75.852],[99.442,75.803],[99.539,75.798],[99.852,75.93],[99.824,76.137],[99.618,76.241],[98.805,76.48],[98.87,76.51],[99.575,76.472],[100.324,76.479],[100.842,76.525],[101.062,76.477],[101.598,76.439],[101.685,76.485],[100.929,76.557],[101.098,76.704],[100.922,76.822],[100.907,76.9],[100.99,76.991],[101.184,77.029],[101.519,77.197],[102.61,77.508],[103.132,77.626],[103.56,77.631],[104.014,77.73],[104.813,77.652],[104.964,77.595],[105.31,77.55],[105.71,77.525],[105.893,77.489],[106.059,77.39],[105.735,77.352],[105.386,77.237],[104.201,77.102],[105.645,77.1],[105.713,77.001],[105.821,76.998],[106.145,77.044],[106.707,77.013],[106.941,77.034],[107.279,76.991],[107.43,76.926],[106.638,76.574],[106.386,76.59],[106.415,76.512],[106.682,76.515],[106.826,76.48],[107.157,76.524],[107.722,76.522],[107.902,76.571],[107.949,76.661],[108.028,76.718],[108.183,76.737],[108.64,76.72],[109.371,76.749],[109.983,76.711],[110.473,76.758],[111.113,76.723],[111.394,76.687],[111.938,76.553],[112.093,76.48],[111.941,76.381],[112.298,76.435],[112.618,76.383],[112.683,76.218],[112.798,76.13],[112.658,76.053],[112.82,76.058],[113.093,76.133],[113.151,76.175],[112.989,76.239],[113.273,76.251],[113.428,76.112],[113.565,75.892],[113.857,75.921],[113.871,75.855],[113.749,75.704],[113.569,75.569],[113.486,75.564],[113.518,75.623],[113.392,75.678],[113.126,75.699],[112.629,75.836],[112.453,75.831],[112.73,75.737],[112.957,75.572],[113.245,75.612],[113.356,75.534],[113.727,75.451],[113.615,75.293],[112.924,75.015],[112.193,74.854],[111.869,74.741],[111.301,74.659],[110.894,74.548],[110.375,74.466],[110.224,74.378],[109.839,74.322],[109.911,74.262],[109.81,74.17],[109.511,74.088],[109.076,74.032],[108.201,73.694],[107.765,73.625],[107.272,73.621],[106.678,73.331],[106.188,73.309],[105.677,72.96],[105.144,72.777],[105.71,72.836],[106.066,72.949],[106.314,73.107],[106.476,73.14],[107.11,73.177],[107.751,73.173],[108.284,73.265],[108.352,73.31],[109.09,73.378],[109.331,73.487],[109.637,73.454],[109.857,73.472],[110.429,73.63],[110.775,73.689],[110.869,73.73],[110.721,73.781],[110.091,73.708],[109.706,73.744],[109.666,73.8],[109.868,73.93],[110.26,74.017],[111.056,73.939],[111.131,74.053],[111.549,74.029],[111.229,73.968],[111.401,73.828],[112.147,73.71],[112.795,73.746],[112.939,73.836],[112.838,73.961],[113.032,73.914],[113.183,73.838],[113.417,73.647],[113.363,73.583],[113.158,73.46],[113.277,73.392],[113.489,73.347],[113.475,73.048],[113.371,72.942],[113.129,72.831],[113.158,72.769],[113.313,72.658],[113.666,72.635],[113.713,72.654],[113.299,72.739],[113.216,72.805],[113.417,72.932],[113.543,73.055],[113.583,73.142],[113.558,73.232],[113.885,73.345],[113.54,73.434],[113.511,73.505],[113.857,73.534],[114.062,73.585],[114.818,73.607],[115.336,73.703],[116.495,73.677],[117.309,73.598],[118.45,73.59],[118.871,73.538],[118.936,73.48],[118.457,73.465],[118.378,73.368],[118.429,73.246],[118.961,73.118],[119.426,73.064],[119.75,72.979],[120.599,72.98],[120.995,72.937],[121.748,72.97],[121.885,72.961],[122.029,72.897],[122.536,72.878],[122.752,72.906],[122.5,72.97],[122.525,73.017],[123.159,72.954],[123.299,73.001],[123.461,73.144],[123.623,73.194],[123.382,73.347],[123.321,73.43],[123.307,73.533],[123.415,73.637],[123.49,73.666],[123.796,73.626],[124.019,73.713],[124.541,73.751],[125.618,73.52],[125.6,73.447],[126.255,73.548],[126.345,73.506],[126.259,73.42],[126.291,73.394],[126.554,73.335],[126.838,73.434],[126.953,73.529],[127.033,73.548],[127.742,73.482],[127.954,73.446],[128.026,73.39],[128.282,73.331],[128.257,73.267],[128.588,73.262],[128.89,73.191],[128.872,73.14],[128.912,73.111],[129.099,73.112],[129.052,73.045],[128.599,72.895],[129.016,72.873],[129.229,72.776],[129.25,72.704],[128.815,72.586],[128.419,72.534],[128.548,72.496],[129.117,72.486],[129.283,72.437],[129.412,72.316],[129.412,72.166],[129.283,72.092],[128.933,72.079],[128.476,72.246],[127.803,72.434],[127.727,72.413],[127.843,72.309],[128.357,72.088],[128.912,71.755],[129.117,71.824],[129.153,71.878],[129.121,71.953],[129.211,71.916],[129.459,71.739],[129.236,71.744],[128.948,71.708],[128.843,71.663],[128.923,71.602],[129.135,71.593],[129.761,71.119],[130.024,71.066],[130.28,70.948],[130.536,70.892],[130.669,70.889],[130.759,70.962],[130.831,70.935],[130.899,70.804],[131.022,70.746],[131.158,70.743],[131.432,70.828],[131.562,70.901],[131.907,71.203],[132.037,71.244],[131.99,71.293],[132.004,71.35],[132.228,71.642],[132.562,71.895],[132.652,71.927],[132.804,71.767],[133.131,71.607],[133.426,71.491],[133.689,71.434],[134.103,71.378],[134.704,71.387],[134.812,71.46],[135.021,71.515],[135.36,71.543],[135.558,71.611],[136.09,71.619],[137.116,71.416],[137.649,71.208],[137.941,71.133],[137.991,71.142],[137.973,71.168],[137.844,71.227],[138.013,71.26],[138.092,71.307],[138.315,71.326],[137.919,71.383],[137.926,71.43],[138.049,71.526],[138.232,71.597],[138.524,71.562],[138.672,71.635],[138.78,71.63],[139.006,71.555],[139.208,71.444],[139.986,71.491],[139.939,71.557],[139.694,71.701],[139.723,71.885],[139.359,71.951],[139.64,71.998],[139.849,72.149],[140.187,72.191],[139.618,72.225],[139.431,72.163],[139.176,72.163],[139.14,72.329],[139.6,72.496],[140.45,72.493],[141.08,72.586],[140.983,72.63],[140.972,72.717],[140.652,72.843],[140.709,72.89],[140.806,72.89],[141.31,72.857],[141.519,72.79],[142.063,72.72],[143.517,72.698],[145.198,72.571],[146.253,72.442],[146.235,72.35],[144.777,72.382],[144.586,72.305],[144.169,72.258],[144.295,72.192],[144.471,72.175],[145.04,72.26],[146.833,72.295],[146.808,72.236],[146.599,72.123],[146.113,71.946],[146.005,71.946],[146.232,72.137],[146.052,72.142],[145.76,72.225],[145.71,72.206],[145.663,72.067],[145.756,72.02],[145.756,71.941],[145.407,71.89],[145.065,71.927],[145.072,71.831],[144.99,71.753],[145.188,71.696],[145.803,71.746],[146.073,71.809],[146.368,71.922],[146.894,72.198],[147.261,72.328],[148.402,72.312],[149.5,72.165],[149.767,72.092],[149.961,71.993],[150.015,71.895],[149.882,71.843],[149.05,71.797],[148.924,71.715],[148.968,71.691],[149.497,71.665],[149.857,71.602],[150.062,71.51],[150.599,71.52],[150.667,71.455],[150.098,71.227],[150.969,71.38],[151.581,71.286],[151.761,71.218],[152.093,71.024],[151.761,70.982],[152.51,70.835],[153.795,70.88],[154.415,70.974],[155.03,71.034],[155.595,71.038],[155.894,71.095],[157.446,71.074],[158.036,71.04],[158.702,70.935],[159.35,70.791],[159.728,70.649],[159.912,70.507],[160.005,70.311],[159.984,70.222],[159.833,70.081],[159.84,69.989],[159.728,69.87],[159.833,69.784],[160.74,69.656],[160.909,69.606],[161.035,69.099],[161.309,68.982],[161.341,68.904],[161.129,68.654],[160.855,68.538],[161.103,68.562],[161.229,68.654],[161.366,68.823],[161.496,68.851],[161.564,68.904],[161.564,69.064],[161.481,69.201],[161.481,69.3],[161.535,69.38],[162.165,69.611],[163.202,69.715],[163.497,69.692],[163.947,69.736],[164.16,69.719],[164.513,69.609],[165.762,69.585],[165.981,69.547],[166.885,69.5],[167.627,69.741],[167.857,69.729],[168.149,69.578],[168.303,69.271],[169.311,69.08],[169.416,68.92],[169.61,68.786],[170.539,68.826],[170.996,69.045],[170.996,69.135],[170.885,69.264],[170.716,69.389],[170.582,69.583],[170.161,69.627],[170.201,69.684],[170.359,69.752],[170.503,69.857],[170.525,69.937],[170.485,70.107],[172.559,69.969],[173.279,69.824],[173.354,69.923],[173.437,69.948],[173.948,69.875],[174.787,69.856],[175.921,69.896],[176.926,69.646],[177.394,69.611],[177.934,69.496],[178.848,69.387],[178.952,69.295],[179.273,69.26],[179.867,69.012],[-180.0,68.984]]]}},{"type":"Feature","properties":{"kind":"land"},"geometry":{"type":"Polygon","coordinates":[[[50.68,46.939],[50.582,46.883],[50.42,46.88],[50.305,46.795],[49.887,46.595],[49.347,46.519],[49.362,46.411],[49.286,46.437],[49.207,46.385],[49.247,46.291],[49.124,46.282],[49.081,46.189],[48.685,46.086],[48.703,45.977],[48.75,45.921],[48.728,45.897],[48.487,45.935],[48.159,45.737],[47.832,45.663],[47.702,45.687],[47.648,45.658],[47.634,45.585],[47.465,45.68],[47.526,45.602],[47.515,45.491],[47.414,45.421],[47.393,45.295],[47.115,44.906],[47.083,44.817],[47.004,44.876],[46.957,44.783],[46.755,44.656],[46.716,44.56],[46.719,44.451],[47.022,44.343],[47.306,44.104],[47.429,43.779],[47.461,43.555],[47.562,43.835],[47.648,43.885],[47.508,43.51],[47.511,43.218],[47.465,43.034],[47.709,42.81],[47.727,42.68],[48.08,42.354],[48.383,41.953],[48.663,41.786],[48.825,41.63],[49.106,41.302],[49.225,41.026],[49.455,40.8],[49.776,40.583],[49.992,40.576],[50.183,40.505],[50.305,40.413],[50.366,40.279],[50.143,40.323],[49.92,40.316],[49.553,40.194],[49.477,40.087],[49.326,39.608],[49.362,39.349],[49.268,39.285],[49.164,39.029],[49.121,39.003],[49.11,39.085],[49.013,39.134],[48.962,39.078],[48.851,38.816],[48.872,38.392],[48.959,37.891],[49.081,37.668],[49.373,37.519],[50.129,37.406],[50.215,37.34],[50.338,37.149],[50.532,37.014],[50.928,36.811],[51.119,36.743],[51.763,36.615],[52.192,36.622],[53.768,36.931],[53.916,36.931],[53.678,36.853],[53.768,36.818],[53.97,36.818],[54.017,36.849],[54.024,36.901],[53.898,37.413],[53.822,37.927],[53.855,38.286],[53.84,38.516],[53.887,38.865],[53.869,38.95],[53.725,39.102],[53.704,39.21],[53.617,39.215],[53.477,39.305],[53.336,39.34],[53.203,39.318],[53.156,39.266],[53.124,39.432],[53.236,39.609],[53.39,39.536],[53.603,39.547],[53.581,39.608],[53.473,39.668],[53.452,39.748],[53.488,39.91],[53.405,39.96],[52.987,39.988],[52.951,39.896],[53.034,39.774],[52.804,40.054],[52.746,40.22],[52.735,40.399],[52.85,40.686],[52.944,41.038],[53.146,40.824],[53.333,40.783],[53.52,40.831],[53.614,40.819],[53.765,40.667],[53.869,40.649],[54.193,40.72],[54.377,40.693],[54.319,40.835],[54.373,40.871],[54.546,40.831],[54.686,40.873],[54.722,40.951],[54.704,41.071],[54.593,41.194],[54.283,41.364],[54.096,41.519],[53.848,42.092],[53.754,42.13],[53.164,42.094],[52.969,41.975],[52.814,41.712],[52.883,41.653],[52.829,41.342],[52.85,41.199],[52.609,41.529],[52.469,41.885],[52.462,42.1],[52.62,42.429],[52.638,42.555],[52.598,42.76],[52.494,42.821],[52.274,42.8],[52.184,42.869],[51.9,42.869],[51.702,43.104],[51.616,43.158],[51.295,43.173],[51.302,43.482],[51.065,43.75],[50.831,44.192],[50.687,44.265],[50.33,44.326],[50.251,44.406],[50.298,44.581],[50.41,44.625],[50.86,44.628],[51.176,44.501],[51.378,44.541],[51.544,44.531],[51.432,44.602],[51.31,44.619],[51.058,44.812],[51.011,44.921],[51.04,44.98],[51.248,45.121],[51.295,45.23],[51.418,45.357],[51.54,45.343],[51.734,45.399],[52.426,45.404],[52.912,45.319],[53.2,45.331],[53.084,45.408],[52.836,45.496],[52.775,45.572],[52.886,45.779],[53.041,45.968],[53.135,46.192],[53.11,46.414],[53.063,46.475],[53.077,46.548],[53.171,46.67],[53.07,46.855],[52.915,46.954],[52.483,46.991],[52.339,46.895],[52.138,46.829],[52.012,46.902],[51.745,46.933],[51.616,47.031],[51.176,47.111],[50.68,46.939]]]}},{"type":"Feature","properties":{"kind":"land"},"geometry":{"type":"Polygon","coordinates":[[[53.765,12.637],[54.186,12.665],[54.51,12.552],[54.128,12.361],[53.718,12.319],[53.599,12.342],[53.315,12.533],[53.43,12.663],[53.534,12.715],[53.639,12.708],[53.765,12.637]]]}},{"type":"Feature","properties":{"kind":"land"},"geometry":{"type":"Polygon","coordinates":[[[53.333,24.258],[53.257,24.253],[53.192,24.291],[53.333,24.341],[53.412,24.411],[53.444,24.371],[53.333,24.258]]]}},{"type":"Feature","properties":{"kind":"land"},"geometry":{"type":"Polygon","coordinates":[[[58.722,20.218],[58.639,20.211],[58.643,20.338],[58.787,20.496],[58.884,20.68],[58.952,20.517],[58.834,20.425],[58.772,20.267],[58.722,20.218]]]}},{"type":"Feature","properties":{"kind":"land"},"geometry":{"type":"Polygon","coordinates":[[[52.616,24.289],[52.598,24.282],[52.584,24.336],[52.584,24.352],[52.631,24.378],[52.656,24.332],[52.616,24.289]]]}},{"type":"Feature","properties":{"kind":"land"},"geometry":{"type":"Polygon","coordinates":[[[56.188,26.921],[56.094,26.801],[55.954,26.7],[55.849,26.732],[55.424,26.582],[55.313,26.593],[55.295,26.64],[55.763,26.811],[55.784,26.857],[55.759,26.947],[55.907,26.91],[56.072,26.983],[56.213,27.002],[56.281,26.952],[56.188,26.921]]]}},{"type":"Feature","properties":{"kind":"land"},"geometry":{"type":"Polygon","coordinates":[[[53.927,24.178],[53.927,24.143],[53.801,24.136],[53.635,24.169],[53.833,24.26],[53.927,24.178]]]}},{"type":"Feature","properties":{"kind":"land"},"geometry":{"type":"Polygon","coordinates":[[[50.608,25.883],[50.575,25.806],[50.467,25.966],[50.489,26.058],[50.453,26.19],[50.471,26.228],[50.586,26.24],[50.557,26.199],[50.611,26.124],[50.608,25.883]]]}},{"type":"Feature","properties":{"kind":"land"},"geometry":{"type":"Polygon","coordinates":[[[48.275,29.624],[48.181,29.612],[48.08,29.799],[48.185,29.98],[48.347,29.784],[48.339,29.695],[48.275,29.624]]]}},{"type":"Feature","properties":{"kind":"land"},"geometry":{"type":"Polygon","coordinates":[[[97.48,1.466],[97.7,1.185],[97.786,1.146],[97.934,0.975],[97.876,0.629],[97.822,0.565],[97.685,0.596],[97.602,0.834],[97.462,0.942],[97.404,0.947],[97.296,1.188],[97.08,1.426],[97.246,1.424],[97.358,1.54],[97.48,1.466]]]}},{"type":"Feature","properties":{"kind":"land"},"geometry":{"type":"Polygon","coordinates":[[[100.205,-2.741],[100.133,-2.822],[100.014,-2.82],[99.968,-2.61],[99.989,-2.525],[100.011,-2.51],[100.202,-2.68],[100.205,-2.741]]]}},{"type":"Feature","properties":{"kind":"land"},"geometry":{"type":"Polygon","coordinates":[[[99.842,-2.343],[99.849,-2.369],[99.608,-2.258],[99.539,-2.161],[99.572,-2.025],[99.622,-2.017],[99.687,-2.063],[99.842,-2.343]]]}},{"type":"Feature","properties":{"kind":"land"},"geometry":{"type":"Polygon","coordinates":[[[99.165,-1.779],[99.071,-1.784],[98.826,-1.61],[98.816,-1.537],[98.603,-1.197],[98.675,-0.97],[98.87,-0.916],[98.934,-0.954],[99.132,-1.442],[99.266,-1.628],[99.273,-1.739],[99.165,-1.779]]]}},{"type":"Feature","properties":{"kind":"land"},"geometry":{"type":"Polygon","coordinates":[[[98.459,-0.531],[98.398,-0.577],[98.308,-0.532],[98.427,-0.227],[98.322,-0.001],[98.416,-0.017],[98.546,-0.258],[98.459,-0.531]]]}},{"type":"Feature","properties":{"kind":"land"},"geometry":{"type":"Polygon","coordinates":[[[97.336,2.075],[97.329,2.053],[97.224,2.158],[97.109,2.218],[97.293,2.2],[97.336,2.075]]]}},{"type":"Feature","properties":{"kind":"land"},"geometry":{"type":"Polygon","coordinates":[[[96.465,2.36],[96.342,2.372],[96.022,2.596],[95.939,2.598],[95.81,2.655],[95.716,2.827],[95.774,2.855],[95.806,2.915],[95.896,2.889],[95.997,2.782],[96.101,2.742],[96.418,2.514],[96.465,2.36]]]}},{"type":"Feature","properties":{"kind":"land"},"geometry":{"type":"Polygon","coordinates":[[[95.363,5.813],[95.342,5.785],[95.284,5.799],[95.219,5.889],[95.36,5.877],[95.363,5.813]]]}},{"type":"Feature","properties":{"kind":"land"},"geometry":{"type":"Polygon","coordinates":[[[99.849,6.466],[99.917,6.358],[99.867,6.297],[99.824,6.313],[99.744,6.264],[99.647,6.419],[99.748,6.41],[99.849,6.466]]]}},{"type":"Feature","properties":{"kind":"land"},"geometry":{"type":"Polygon","coordinates":[[[99.662,6.521],[99.644,6.516],[99.608,6.597],[99.654,6.714],[99.701,6.571],[99.662,6.521]]]}},{"type":"Feature","properties":{"kind":"land"},"geometry":{"type":"Polygon","coordinates":[[[100.076,9.696],[100.025,9.712],[99.982,9.793],[100.043,9.792],[100.076,9.696]]]}},{"type":"Feature","properties":{"kind":"land"},"geometry":{"type":"Polygon","coordinates":[[[100.072,9.587],[100.054,9.462],[99.964,9.422],[99.932,9.476],[99.939,9.561],[100.072,9.587]]]}},{"type":"Feature","properties":{"kind":"land"},"geometry":{"type":"Polygon","coordinates":[[[98.592,7.934],[98.582,7.917],[98.531,8.108],[98.603,8.057],[98.592,7.934]]]}},{"type":"Feature","properties":{"kind":"land"},"geometry":{"type":"Polygon","coordinates":[[[98.409,7.903],[98.398,7.828],[98.297,7.776],[98.261,7.925],[98.322,8.167],[98.351,8.111],[98.434,8.085],[98.409,7.903]]]}},{"type":"Feature","properties":{"kind":"land"},"geometry":{"type":"Polygon","coordinates":[[[98.308,9.052],[98.25,9.04],[98.258,9.096],[98.272,9.13],[98.301,9.139],[98.312,9.08],[98.308,9.052]]]}},{"type":"Feature","properties":{"kind":"land"},"geometry":{"type":"Polygon","coordinates":[[[93.891,6.832],[93.83,6.748],[93.711,7.0],[93.657,7.016],[93.657,7.136],[93.686,7.184],[93.822,7.236],[93.858,7.207],[93.93,6.974],[93.891,6.832]]]}},{"type":"Feature","properties":{"kind":"land"},"geometry":{"type":"Polygon","coordinates":[[[93.732,7.356],[93.639,7.262],[93.596,7.32],[93.614,7.358],[93.653,7.38],[93.693,7.41],[93.732,7.356]]]}},{"type":"Feature","properties":{"kind":"land"},"geometry":{"type":"Polygon","coordinates":[[[93.142,8.25],[93.171,8.212],[93.117,8.219],[93.063,8.274],[93.077,8.328],[93.099,8.349],[93.142,8.25]]]}},{"type":"Feature","properties":{"kind":"land"},"geometry":{"type":"Polygon","coordinates":[[[93.444,7.879],[93.365,7.877],[93.311,7.964],[93.333,8.007],[93.376,8.017],[93.434,7.948],[93.444,7.879]]]}},{"type":"Feature","properties":{"kind":"land"},"geometry":{"type":"Polygon","coordinates":[[[93.538,8.057],[93.477,8.024],[93.455,8.172],[93.495,8.224],[93.531,8.214],[93.513,8.16],[93.538,8.057]]]}},{"type":"Feature","properties":{"kind":"land"},"geometry":{"type":"Polygon","coordinates":[[[92.789,9.137],[92.742,9.13],[92.717,9.165],[92.714,9.205],[92.76,9.243],[92.811,9.174],[92.789,9.137]]]}},{"type":"Feature","properties":{"kind":"land"},"geometry":{"type":"Polygon","coordinates":[[[92.501,10.556],[92.472,10.521],[92.368,10.547],[92.354,10.752],[92.447,10.866],[92.512,10.898],[92.573,10.705],[92.501,10.556]]]}},{"type":"Feature","properties":{"kind":"land"},"geometry":{"type":"Polygon","coordinates":[[[92.692,11.382],[92.645,11.361],[92.595,11.387],[92.634,11.427],[92.642,11.509],[92.688,11.463],[92.692,11.382]]]}},{"type":"Feature","properties":{"kind":"land"},"geometry":{"type":"Polygon","coordinates":[[[93.016,12.036],[93.063,11.899],[92.984,11.96],[92.955,12.002],[92.994,12.031],[93.016,12.036]]]}},{"type":"Feature","properties":{"kind":"land"},"geometry":{"type":"Polygon","coordinates":[[[92.717,12.864],[92.685,12.8],[92.681,12.939],[92.696,12.956],[92.71,12.962],[92.732,12.948],[92.717,12.864]]]}},{"type":"Feature","properties":{"kind":"land"},"geometry":{"type":"Polygon","coordinates":[[[92.724,11.536],[92.699,11.512],[92.667,11.538],[92.534,11.873],[92.609,11.95],[92.678,12.193],[92.789,12.226],[92.778,12.302],[92.721,12.357],[92.721,12.542],[92.76,12.668],[92.739,12.779],[92.807,12.878],[92.832,13.003],[92.811,13.04],[92.861,13.231],[92.858,13.357],[92.926,13.486],[93.063,13.545],[93.077,13.401],[93.016,13.337],[93.066,13.222],[92.886,12.943],[92.966,12.851],[92.991,12.538],[92.933,12.453],[92.865,12.436],[92.868,12.182],[92.746,11.993],[92.796,11.875],[92.724,11.536]]]}},{"type":"Feature","properties":{"kind":"land"},"geometry":{"type":"Polygon","coordinates":[[[98.542,10.962],[98.52,10.96],[98.499,10.963],[98.477,10.979],[98.528,11.087],[98.542,10.962]]]}},{"type":"Feature","properties":{"kind":"land"},"geometry":{"type":"Polygon","coordinates":[[[98.211,10.953],[98.294,10.779],[98.272,10.74],[98.157,10.898],[98.081,10.887],[98.168,10.981],[98.211,10.953]]]}},{"type":"Feature","properties":{"kind":"land"},"geometry":{"type":"Polygon","coordinates":[[[98.182,9.934],[98.117,9.878],[98.139,9.974],[98.222,10.045],[98.29,10.052],[98.283,10.007],[98.182,9.934]]]}},{"type":"Feature","properties":{"kind":"land"},"geometry":{"type":"Polygon","coordinates":[[[98.222,11.479],[98.218,11.457],[98.186,11.472],[98.2,11.568],[98.301,11.783],[98.265,11.524],[98.222,11.479]]]}},{"type":"Feature","properties":{"kind":"land"},"geometry":{"type":"Polygon","coordinates":[[[98.517,11.904],[98.474,11.899],[98.466,12.085],[98.524,12.005],[98.61,11.956],[98.517,11.904]]]}},{"type":"Feature","properties":{"kind":"land"},"geometry":{"type":"Polygon","coordinates":[[[98.074,11.693],[98.085,11.637],[98.02,11.696],[98.009,11.861],[98.06,11.757],[98.081,11.733],[98.074,11.693]]]}},{"type":"Feature","properties":{"kind":"land"},"geometry":{"type":"Polygon","coordinates":[[[98.553,11.745],[98.528,11.538],[98.434,11.568],[98.376,11.792],[98.524,11.805],[98.553,11.745]]]}},{"type":"Feature","properties":{"kind":"land"},"geometry":{"type":"Polygon","coordinates":[[[98.135,12.151],[98.074,12.165],[98.038,12.233],[98.07,12.292],[98.121,12.279],[98.135,12.151]]]}},{"type":"Feature","properties":{"kind":"land"},"geometry":{"type":"Polygon","coordinates":[[[98.067,12.39],[98.002,12.279],[97.937,12.345],[97.991,12.394],[98.067,12.39]]]}},{"type":"Feature","properties":{"kind":"land"},"geometry":{"type":"Polygon","coordinates":[[[98.412,12.599],[98.47,12.571],[98.459,12.474],[98.38,12.354],[98.315,12.337],[98.312,12.679],[98.398,12.647],[98.412,12.599]]]}},{"type":"Feature","properties":{"kind":"land"},"geometry":{"type":"Polygon","coordinates":[[[98.315,13.099],[98.308,12.934],[98.258,13.014],[98.254,13.189],[98.315,13.099]]]}},{"type":"Feature","properties":{"kind":"land"},"geometry":{"type":"Polygon","coordinates":[[[97.574,16.253],[97.538,16.241],[97.48,16.305],[97.469,16.461],[97.541,16.505],[97.599,16.43],[97.574,16.253]]]}},{"type":"Feature","properties":{"kind":"land"},"geometry":{"type":"Polygon","coordinates":[[[99.078,7.592],[99.104,7.471],[99.068,7.497],[99.039,7.549],[99.039,7.625],[99.046,7.637],[99.078,7.592]]]}},{"type":"Feature","properties":{"kind":"land"},"geometry":{"type":"Polygon","coordinates":[[[94.805,15.819],[94.784,15.793],[94.744,15.812],[94.733,15.823],[94.827,15.934],[94.838,15.892],[94.805,15.819]]]}},{"type":"Feature","properties":{"kind":"land"},"geometry":{"type":"Polygon","coordinates":[[[94.478,15.946],[94.413,15.849],[94.388,15.994],[94.6,16.206],[94.618,16.142],[94.568,16.019],[94.478,15.946]]]}},{"type":"Feature","properties":{"kind":"land"},"geometry":{"type":"Polygon","coordinates":[[[93.689,18.683],[93.57,18.76],[93.488,18.868],[93.617,18.888],[93.743,18.866],[93.689,18.683]]]}},{"type":"Feature","properties":{"kind":"land"},"geometry":{"type":"Polygon","coordinates":[[[93.491,19.892],[93.513,19.755],[93.444,19.807],[93.419,19.878],[93.412,19.951],[93.491,19.892]]]}},{"type":"Feature","properties":{"kind":"land"},"geometry":{"type":"Polygon","coordinates":[[[93.009,19.925],[93.023,19.829],[92.976,19.867],[92.912,19.999],[92.915,20.086],[92.958,20.046],[93.009,19.925]]]}},{"type":"Feature","properties":{"kind":"land"},"geometry":{"type":"Polygon","coordinates":[[[93.714,19.558],[93.945,19.428],[93.902,19.333],[93.815,19.298],[93.758,19.326],[93.732,19.416],[93.642,19.494],[93.714,19.558]]]}},{"type":"Feature","properties":{"kind":"land"},"geometry":{"type":"Polygon","coordinates":[[[91.875,21.833],[91.839,21.751],[91.821,21.81],[91.85,21.926],[91.882,21.883],[91.875,21.833]]]}},{"type":"Feature","properties":{"kind":"land"},"geometry":{"type":"Polygon","coordinates":[[[91.95,21.508],[91.889,21.503],[91.86,21.532],[91.857,21.709],[91.932,21.722],[91.95,21.683],[91.95,21.508]]]}},{"type":"Feature","properties":{"kind":"land"},"geometry":{"type":"Polygon","coordinates":[[[91.151,22.175],[91.043,22.105],[91.079,22.52],[91.158,22.366],[91.18,22.282],[91.151,22.175]]]}},{"type":"Feature","properties":{"kind":"land"},"geometry":{"type":"Polygon","coordinates":[[[91.558,22.383],[91.511,22.353],[91.468,22.378],[91.41,22.475],[91.457,22.617],[91.558,22.383]]]}},{"type":"Feature","properties":{"kind":"land"},"geometry":{"type":"Polygon","coordinates":[[[90.644,22.963],[90.658,22.919],[90.604,22.945],[90.561,22.975],[90.536,23.015],[90.579,23.036],[90.644,22.963]]]}},{"type":"Feature","properties":{"kind":"land"},"geometry":{"type":"Polygon","coordinates":[[[90.777,22.09],[90.514,22.065],[90.68,22.327],[90.651,22.541],[90.564,22.617],[90.503,22.836],[90.597,22.864],[90.672,22.813],[90.737,22.638],[90.867,22.485],[90.831,22.161],[90.777,22.09]]]}},{"type":"Feature","properties":{"kind":"land"},"geometry":{"type":"Polygon","coordinates":[[[79.969,9.63],[79.908,9.62],[79.858,9.734],[79.89,9.741],[79.969,9.63]]]}},{"type":"Feature","properties":{"kind":"land"},"geometry":{"type":"Polygon","coordinates":[[[79.876,9.05],[79.905,8.976],[79.822,9.026],[79.768,9.07],[79.746,9.104],[79.861,9.066],[79.876,9.05]]]}},{"type":"Feature","properties":{"kind":"land"},"geometry":{"type":"Polygon","coordinates":[[[55.54,-4.694],[55.543,-4.786],[55.385,-4.608],[55.457,-4.558],[55.54,-4.694]]]}},{"type":"Feature","properties":{"kind":"land"},"geometry":{"type":"Polygon","coordinates":[[[72.78,11.203],[72.791,11.262],[72.78,11.203]]]}},{"type":"Feature","properties":{"kind":"land"},"geometry":{"type":"Polygon","coordinates":[[[73.068,8.269],[73.029,8.254],[73.025,8.276],[73.057,8.274],[73.079,8.316],[73.068,8.269]]]}},{"type":"Feature","properties":{"kind":"land"},"geometry":{"type":"Polygon","coordinates":[[[73.417,3.231],[73.385,3.271],[73.428,3.29],[73.417,3.231]]]}},{"type":"Feature","properties":{"kind":"land"},"geometry":{"type":"Polygon","coordinates":[[[73.511,4.165],[73.471,4.171],[73.518,4.247],[73.511,4.165]]]}},{"type":"Feature","properties":{"kind":"land"},"geometry":{"type":"Polygon","coordinates":[[[54.467,24.444],[54.427,24.424],[54.334,24.471],[54.398,24.506],[54.467,24.444]]]}},{"type":"Feature","properties":{"kind":"coast"},"geometry":{"type":"LineString","coordinates":[[73.3345,16.4676],[73.3201,16.5098],[73.3129,16.5182],[73.3057,16.5233],[73.3021,16.5334],[73.3021,16.5554],[73.3057,16.5638],[73.3165,16.5571],[73.3237,16.5486],[73.3237,16.5452],[73.3453,16.5233],[73.3561,16.5199],[73.3777,16.5182],[73.3561,16.53],[73.3525,16.5385],[73.3633,16.5537],[73.3705,16.5587],[73.3525,16.5604],[73.3381,16.5655],[73.3237,16.5756],[73.3165,16.5908],[73.3165,16.5976],[73.3129,16.5993],[73.3165,16.5993],[73.3237,16.606],[73.3597,16.6212],[73.3597,16.6043],[73.3633,16.5976],[73.3669,16.5993],[73.3705,16.6094],[73.3669,16.628],[73.3525,16.6347],[73.3381,16.6314],[73.3237,16.6212],[73.3093,16.6516],[73.3237,16.6786],[73.3165,16.7006],[73.2985,16.7124],[73.2913,16.7394],[73.2949,16.7681],[73.3057,16.7935],[73.3021,16.8137],[73.2985,16.8053],[73.2877,16.8205],[73.2733,16.8492],[73.2697,16.8762],[73.2805,16.888],[73.2697,16.9285],[73.2697,16.9454],[73.2733,16.9589],[73.2877,16.9843],[73.2625,16.9978],[73.2553,17.0062],[73.2625,17.018],[73.2517,17.0315],[73.2517,17.0417],[73.2589,17.0434],[73.2697,17.0315],[73.2769,17.0552],[73.2769,17.0788],[73.2553,17.121],[73.2625,17.1346],[73.2553,17.1649],[73.2373,17.1987],[73.2373,17.2207],[73.2193,17.2528],[73.2157,17.2679],[73.2121,17.2747],[73.1941,17.2933],[73.1869,17.3068],[73.2049,17.2983],[73.2157,17.2865],[73.2301,17.2798],[73.2481,17.2848],[73.2337,17.3017],[73.2085,17.3541],[73.1977,17.3693],[73.1689,17.3895],[73.1653,17.4013],[73.1653,17.4132],[73.1869,17.4419],[73.1725,17.4571],[73.1797,17.4773],[73.1653,17.5027],[73.1329,17.5398],[73.1257,17.5567],[73.1293,17.5651],[73.1509,17.5668],[73.2013,17.5871],[73.1869,17.5922],[73.1545,17.5955],[73.1401,17.6006],[73.1293,17.6107],[73.1221,17.6259],[73.1185,17.6428],[73.1257,17.6546],[73.1185,17.6631],[73.1041,17.6884],[73.1077,17.7002],[73.1185,17.712],[73.1221,17.7239],[73.1221,17.7357],[73.1149,17.7475],[73.1113,17.7576],[73.1077,17.7863],[73.0861,17.8134],[73.0789,17.8252],[73.0753,17.8573],[73.0645,17.8775],[73.0177,17.9518],[73.0177,17.9721],[73.0357,17.9923],[73.0177,17.9923],[73.0069,18.0008],[73.0069,18.0126],[73.0105,18.0261],[73.0213,18.0363],[73.0321,18.0413],[73.0429,18.0498],[73.0429,18.0666],[73.0213,18.0582],[73.0141,18.0498],[73.0105,18.0396],[72.9997,18.0514],[72.9817,18.0802],[72.9889,18.0954],[72.9853,18.1038],[72.9745,18.119],[72.9673,18.1967],[72.9565,18.2169],[72.9277,18.2237],[72.9385,18.2507],[72.9349,18.2575],[72.9349,18.276],[72.9385,18.2862],[72.9529,18.2811],[72.9637,18.2558],[72.9709,18.2439],[72.9781,18.2423],[72.9961,18.2456],[73.0141,18.2439],[73.0321,18.2372],[73.0501,18.2271],[73.0645,18.2102],[73.0465,18.2017],[73.0465,18.1882],[73.0573,18.1848],[73.0717,18.2034],[73.0753,18.2237],[73.0645,18.2575],[73.0717,18.2727],[73.0573,18.2811],[73.0429,18.2828],[73.0141,18.2794],[72.9961,18.2828],[72.9781,18.2946],[72.9673,18.3098],[72.9745,18.3284],[72.9601,18.3284],[72.9493,18.3334],[72.9349,18.3554],[72.9169,18.3571],[72.9133,18.3605],[72.9097,18.3689],[72.9097,18.3723],[72.9133,18.3773],[72.9133,18.3858],[72.9097,18.3993],[72.9025,18.4077],[72.8989,18.4179],[72.8917,18.4297],[72.8881,18.4415],[72.8953,18.5023],[72.9061,18.5242],[72.9241,18.5361],[72.9457,18.5327],[72.9601,18.5175],[72.9889,18.4702],[73.0105,18.45],[73.0141,18.4702],[72.9889,18.4905],[72.9709,18.5411],[72.9601,18.5546],[72.9493,18.5597],[72.9205,18.5546],[72.9097,18.5597],[72.9061,18.5766],[72.8809,18.6357],[72.8629,18.6492],[72.8557,18.6813],[72.8521,18.7201],[72.8521,18.7691],[72.8557,18.786],[72.8665,18.7995],[72.8809,18.8079],[72.9025,18.7995],[72.9133,18.7995],[72.9277,18.8265],[72.9745,18.7792],[72.9673,18.7607],[72.9709,18.7471],[72.9817,18.737],[72.9961,18.7303],[72.9889,18.7539],[72.9925,18.7792],[73.0033,18.8012],[73.0177,18.813],[72.9889,18.8248],[72.9817,18.8333],[72.9745,18.8485],[72.9745,18.8552],[72.9817,18.8721],[72.9781,18.8755],[72.9709,18.8738],[72.9601,18.8653],[72.9457,18.8586],[72.9169,18.8704],[72.8953,18.894],[72.9133,18.9228],[72.9277,18.9109],[72.9349,18.9211],[72.9385,18.9481],[72.9493,18.9515],[72.9637,18.9481],[72.9781,18.9481],[72.9889,18.965],[72.9529,18.965],[72.9529,18.9717],[72.9673,18.9734],[72.9925,18.9819],[73.0465,18.9954],[73.0573,19.0156],[73.0393,19.0173],[73.0105,19.0089],[72.9889,18.9987],[72.9853,19.0106],[72.9889,19.0376],[72.9817,19.046],[72.9925,19.068],[72.9853,19.0747],[72.9745,19.0781],[72.9673,19.0916],[72.9745,19.1625],[72.9673,19.1625],[72.9493,19.1271],[72.9349,19.1153],[72.9349,19.0798],[72.9277,19.0663],[72.9421,19.0545],[72.9349,19.0342],[72.8917,18.992],[72.8917,19.0021],[72.8845,19.0258],[72.8701,19.0122],[72.8521,18.9869],[72.8377,18.9599],[72.8269,18.9177],[72.8197,18.9025],[72.8125,18.8974],[72.8017,18.9092],[72.8017,18.9211],[72.8089,18.943],[72.8017,18.9582],[72.7945,18.9582],[72.7873,18.9464],[72.7765,18.9363],[72.7693,18.9481],[72.7945,18.9852],[72.8053,19.0106],[72.8017,19.041],[72.8161,19.0325],[72.8233,19.0426],[72.8233,19.0528],[72.8197,19.0629],[72.8089,19.0663],[72.8233,19.0967],[72.8233,19.1085],[72.8089,19.1456],[72.8125,19.1541],[72.8233,19.1642],[72.8233,19.1693],[72.8197,19.176],[72.8125,19.176],[72.8053,19.1727],[72.7981,19.1575],[72.7909,19.1507],[72.7837,19.1507],[72.7801,19.1592],[72.8017,19.2115],[72.8197,19.2402],[72.8305,19.252],[72.8161,19.2537],[72.8017,19.2385],[72.7909,19.2166],[72.7765,19.2047],[72.7729,19.2655],[72.7765,19.2993],[72.7837,19.3145],[72.8377,19.3196],[72.8665,19.3162],[72.8845,19.2959],[72.8989,19.2909],[72.9313,19.2858],[72.9601,19.2942],[72.9709,19.2942],[72.9889,19.279],[73.0105,19.225],[73.0249,19.2047],[73.0501,19.2183],[73.0285,19.2284],[73.0285,19.2588],[73.0177,19.2655],[73.0033,19.2858],[72.9889,19.301],[72.9709,19.3077],[72.9169,19.3027],[72.8989,19.3077],[72.8845,19.3162],[72.8557,19.3398],[72.8377,19.3483],[72.8197,19.3297],[72.8017,19.3314],[72.7873,19.3449],[72.7621,19.3804],[72.7585,19.3888],[72.7477,19.4445],[72.7477,19.4682],[72.7549,19.4817],[72.7693,19.4901],[72.8809,19.5323],[72.8557,19.5408],[72.8377,19.5374],[72.8161,19.529],[72.7945,19.5273],[72.7873,19.5306],[72.7801,19.5374],[72.7765,19.5458],[72.7765,19.5577],[72.7693,19.5661],[72.7405,19.5813],[72.7333,19.5813],[72.7405,19.561],[72.7405,19.5526],[72.7333,19.5458],[72.7549,19.5273],[72.7549,19.5188],[72.7477,19.5121],[72.7405,19.5154],[72.7225,19.5357],[72.7117,19.5881],[72.7189,19.6066],[72.6865,19.7248],[72.7009,19.7147],[72.7081,19.6978],[72.7261,19.7063],[72.7261,19.7147],[72.7189,19.7282],[72.7153,19.7451],[72.7189,19.7518],[72.7261,19.7518],[72.7297,19.7552],[72.7333,19.762],[72.7333,19.7806],[72.7297,19.7941],[72.6901,19.7485],[72.6793,19.7468],[72.6757,19.7637],[72.6793,19.8008],[72.6505,19.8413],[72.6505,19.8515],[72.6649,19.8819],[72.6649,19.9173],[72.6613,19.941],[72.6649,19.9528],[72.6757,19.9579],[72.6829,19.9646],[72.7045,19.9984],[72.7081,20.0136],[72.7081,20.071],[72.7297,20.1301],[72.7333,20.174],[72.7369,20.1841],[72.7513,20.2044],[72.7549,20.2145],[72.7549,20.2179],[72.7477,20.2179],[72.7441,20.2196],[72.7405,20.2246],[72.7405,20.2449],[72.7441,20.2483],[72.7477,20.2804],[72.7549,20.2956],[72.7693,20.3125],[72.7765,20.3293],[72.7801,20.353],[72.7873,20.353],[72.7981,20.3597],[72.8089,20.3682],[72.8161,20.3766],[72.8197,20.3868],[72.8233,20.4171],[72.8305,20.4374],[72.8413,20.4594],[72.8809,20.5117],[72.8881,20.532],[72.8917,20.5522],[72.8917,20.5877],[72.8845,20.608],[72.8845,20.6198],[72.8881,20.6282],[72.9025,20.6417],[72.9061,20.6535],[72.9097,20.7177],[72.8989,20.7329],[72.9385,20.7599],[72.9457,20.7599],[72.9457,20.7701],[72.9277,20.7802],[72.9205,20.7869],[72.9205,20.7954],[72.9241,20.8021],[72.9241,20.8106],[72.9205,20.8207],[72.8989,20.7988],[72.8845,20.8072],[72.8809,20.8292],[72.8881,20.8528],[72.8989,20.868],[72.8953,20.8697],[72.8737,20.8629],[72.8377,20.8359],[72.8449,20.8511],[72.8557,20.8866],[72.8665,20.8967],[72.8377,20.9305],[72.8557,20.9474],[72.8881,20.9626],[72.8881,20.9828],[72.8521,20.9744],[72.8341,20.9727],[72.8233,20.9828],[72.8161,20.9997],[72.8089,21.0048],[72.7873,21.0065],[72.7729,21.0233],[72.7657,21.0385],[72.7837,21.0402],[72.8233,21.0335],[72.8449,21.0385],[72.8485,21.0487],[72.8161,21.1213],[72.8089,21.1297],[72.7981,21.128],[72.7549,21.1095],[72.7477,21.1179],[72.7405,21.123],[72.7369,21.1179],[72.7333,21.0926],[72.7297,21.0875],[72.7009,21.074],[72.7045,21.1061],[72.7297,21.1483],[72.7153,21.1635],[72.7081,21.1584],[72.6865,21.1584],[72.6757,21.1534],[72.6721,21.1449],[72.6721,21.0993],[72.6577,21.0976],[72.6361,21.0858],[72.6289,21.0875],[72.6145,21.1061],[72.6145,21.1196],[72.6289,21.1365],[72.6937,21.1787],[72.7117,21.1939],[72.7225,21.199],[72.7333,21.199],[72.7225,21.2091],[72.6865,21.2209],[72.6721,21.2395],[72.6577,21.2445],[72.6469,21.253],[72.6469,21.2733],[72.6253,21.2597],[72.6181,21.253],[72.6073,21.2665],[72.5857,21.3408],[72.5893,21.3492],[72.6397,21.3577],[72.6469,21.3627],[72.6397,21.3712],[72.6217,21.3695],[72.5929,21.3627],[72.5785,21.3678],[72.5677,21.3763],[72.5641,21.3864],[72.6361,21.4067],[72.7297,21.4658],[72.7477,21.4522],[72.7513,21.4641],[72.7477,21.4793],[72.7369,21.4826],[72.6829,21.4658],[72.6649,21.4573],[72.6109,21.4218],[72.5821,21.4168],[72.6181,21.4877],[72.6361,21.4995],[72.6505,21.5063],[72.6901,21.54],[72.7045,21.5485],[72.7261,21.5536],[72.7513,21.5654],[72.7729,21.5806],[72.7873,21.5958],[72.8089,21.6346],[72.8233,21.6447],[72.8341,21.6447],[72.8701,21.6363],[72.9349,21.6582],[72.9637,21.6785],[73.0213,21.6988],[73.0861,21.7292],[73.1077,21.7325],[73.1185,21.7376],[73.1329,21.7579],[73.1257,21.7663],[73.1185,21.7646],[73.0825,21.7461],[73.0393,21.7309],[73.0213,21.7157],[73.0141,21.7123],[72.9925,21.7089],[72.9493,21.6886],[72.9277,21.6853],[72.8845,21.6937],[72.8593,21.6954],[72.8413,21.6886],[72.8197,21.6751],[72.7981,21.6734],[72.7549,21.6853],[72.7333,21.687],[72.6757,21.6785],[72.6541,21.6802],[72.6361,21.6853],[72.6145,21.6853],[72.5713,21.6701],[72.5497,21.6667],[72.5353,21.6734],[72.5281,21.6954],[72.5317,21.714],[72.5497,21.7511],[72.5569,21.7748],[72.5641,21.8389],[72.5677,21.8491],[72.5857,21.8592],[72.6001,21.8811],[72.6181,21.925],[72.6325,21.9369],[72.6505,21.9402],[72.6901,21.9386],[72.7009,21.947],[72.7153,21.9825],[72.7333,21.9858],[72.7333,21.9943],[72.7261,21.996],[72.7081,21.9943],[72.7009,21.9892],[72.6973,21.9825],[72.6973,21.9757],[72.6937,21.9723],[72.6217,21.9673],[72.6109,21.9554],[72.6037,21.9436],[72.5821,21.9284],[72.5569,21.9149],[72.5425,21.9115],[72.5317,21.92],[72.5065,21.9622],[72.5029,21.9757],[72.5029,21.9943],[72.5173,22.0314],[72.5209,22.0551],[72.5209,22.0888],[72.5317,22.1074],[72.5317,22.1192],[72.5353,22.1412],[72.5425,22.1564],[72.5569,22.1766],[72.5749,22.1952],[72.5893,22.2053],[72.6145,22.2121],[72.6361,22.2104],[72.6541,22.202],[72.6685,22.1885],[72.6829,22.1817],[72.7081,22.1851],[72.7297,22.1766],[72.7477,22.1648],[72.7909,22.2172],[72.8125,22.2341],[72.8485,22.2408],[72.8665,22.2341],[72.8809,22.2205],[72.8989,22.2138],[72.9169,22.2239],[72.9241,22.2543],[72.9169,22.2712],[72.9061,22.2813],[72.8989,22.2695],[72.8845,22.2628],[72.8701,22.2628],[72.8557,22.2712],[72.8377,22.2763],[72.7981,22.2661],[72.7549,22.2442],[72.7261,22.2493],[72.6577,22.2746],[72.6253,22.2712],[72.6073,22.283],[72.5965,22.2864],[72.5749,22.2881],[72.5533,22.283],[72.5209,22.2526],[72.5029,22.2408],[72.4669,22.2324],[72.4561,22.2374],[72.4561,22.2459],[72.4669,22.256],[72.4633,22.2644],[72.4489,22.2661],[72.4129,22.2459],[72.3913,22.2543],[72.3805,22.2898],[72.3805,22.3117],[72.3877,22.3219],[72.4057,22.3337],[72.4093,22.3539],[72.3985,22.3675],[72.3697,22.3556],[72.3481,22.3235],[72.3409,22.3033],[72.3373,22.2847],[72.3265,22.2611],[72.3085,22.2577],[72.2761,22.2611],[72.2617,22.2763],[72.2653,22.2881],[72.2653,22.2948],[72.2401,22.3016],[72.2221,22.3033],[72.2077,22.2999],[72.2005,22.2915],[72.2077,22.2746],[72.1609,22.2813],[72.1501,22.278],[72.1645,22.2611],[72.1897,22.2509],[72.2077,22.2594],[72.2401,22.2881],[72.2473,22.2763],[72.2437,22.2661],[72.2365,22.256],[72.2329,22.2442],[72.2401,22.2391],[72.2689,22.2273],[72.3049,22.229],[72.3157,22.1851],[72.3085,22.0787],[72.2977,22.0618],[72.2941,22.0517],[72.2905,22.0534],[72.2761,22.0314],[72.2761,22.028],[72.2581,22.0129],[72.2509,22.0078],[72.2365,22.0078],[72.2221,22.0112],[72.2149,22.0078],[72.2149,21.9943],[72.2077,21.9943],[72.2005,22.0078],[72.1897,21.9943],[72.1861,21.9858],[72.1717,21.9757],[72.1645,21.974],[72.1609,21.9825],[72.1501,21.9943],[72.1357,22.0044],[72.1141,22.0112],[72.0961,22.0078],[72.1177,21.9943],[72.1285,21.9841],[72.1249,21.9723],[72.1141,21.9689],[72.0781,21.9791],[72.0817,21.974],[72.1033,21.9588],[72.1033,21.9453],[72.0961,21.9436],[72.0889,21.9487],[72.0745,21.9538],[72.0565,21.9538],[72.0385,21.947],[72.0277,21.9386],[72.0889,21.92],[72.1033,21.9183],[72.1429,21.925],[72.1573,21.925],[72.1465,21.9183],[72.1465,21.9115],[72.1609,21.9048],[72.1537,21.898],[72.1681,21.8913],[72.1681,21.8795],[72.1609,21.8659],[72.1609,21.8524],[72.1681,21.8406],[72.1609,21.8389],[72.1321,21.8457],[72.0997,21.8811],[72.0781,21.8946],[72.0565,21.898],[72.0493,21.8811],[72.0529,21.8761],[72.0601,21.8727],[72.0817,21.8693],[72.0853,21.8659],[72.1033,21.8355],[72.0853,21.8305],[72.0637,21.8339],[72.0025,21.8575],[71.9989,21.8541],[71.9953,21.8389],[71.9953,21.8001],[72.0025,21.7883],[72.0061,21.7933],[72.0205,21.8018],[72.0205,21.7748],[72.0745,21.7883],[72.0889,21.7849],[72.1033,21.7748],[72.1177,21.7764],[72.1645,21.7933],[72.1717,21.7916],[72.1717,21.7781],[72.1753,21.7663],[72.1969,21.7579],[72.2005,21.7494],[72.2041,21.7477],[72.2149,21.7123],[72.2221,21.7005],[72.2293,21.6954],[72.2401,21.692],[72.2725,21.6903],[72.2797,21.6718],[72.2941,21.6599],[72.2941,21.6532],[72.2977,21.6414],[72.2977,21.6262],[72.2941,21.616],[72.2761,21.5958],[72.2437,21.4809],[72.2185,21.4455],[72.1681,21.3915],[72.1609,21.3729],[72.1501,21.3594],[72.1177,21.3222],[72.1033,21.3155],[72.1105,21.3053],[72.1105,21.2969],[72.1069,21.2901],[72.0961,21.2885],[72.1033,21.2749],[72.0997,21.2648],[72.0925,21.2581],[72.0925,21.2429],[72.1033,21.2226],[72.1033,21.2057],[72.0925,21.1922],[72.0673,21.1821],[72.0637,21.1753],[72.0565,21.1686],[71.9917,21.1365],[71.9737,21.1331],[71.9269,21.1297],[71.8045,21.0622],[71.7901,21.047],[71.7613,21.0318],[71.7433,21.0284],[71.7181,21.0318],[71.6821,21.0115],[71.6389,20.9963],[71.5849,20.9575],[71.5489,20.9507],[71.5561,20.9659],[71.5705,20.9794],[71.5525,20.9744],[71.4949,20.9288],[71.4841,20.917],[71.4805,20.9001],[71.4625,20.8849],[71.3797,20.8596],[71.3185,20.8494],[71.1421,20.765],[71.1169,20.7667],[71.1097,20.7599],[71.0953,20.7633],[71.0629,20.7397],[71.0233,20.7447],[71.0089,20.7414],[71.0053,20.7363],[71.0017,20.7228],[70.9837,20.711],[70.9729,20.7093],[70.8181,20.7025],[70.8001,20.7093],[70.7857,20.7228],[70.7749,20.7278],[70.7533,20.7194],[70.7389,20.7177],[70.6993,20.7464],[70.5409,20.8072],[70.4833,20.8444],[70.4617,20.8494],[70.4509,20.8562],[70.4185,20.8899],[70.4005,20.9035],[70.3357,20.9271],[70.2997,20.9592],[70.2637,20.9811],[70.1521,21.0791],[70.0585,21.15],[69.9577,21.2733],[69.9109,21.3155],[69.8461,21.3898],[69.8137,21.4337],[69.8101,21.4658],[69.7885,21.4691],[69.7705,21.4793],[69.7561,21.4911],[69.6301,21.616],[69.5689,21.6498],[69.5185,21.7055],[69.5005,21.7207],[69.4789,21.7528],[69.4465,21.7663],[69.4285,21.7815],[69.3961,21.8153],[69.3925,21.8322],[69.3961,21.8609],[69.3925,21.8761],[69.3673,21.8558],[69.3565,21.8524],[69.3349,21.8626],[69.2449,21.9453],[69.1981,21.9791],[69.1513,22.0416],[69.1189,22.0618],[69.1045,22.077],[69.0937,22.099],[69.0469,22.1581],[69.0109,22.1851],[68.9929,22.2037],[68.9821,22.2357],[68.9533,22.2763],[68.9461,22.2948],[68.9425,22.3185],[68.9497,22.3354],[68.9605,22.3489],[68.9677,22.3877],[68.9821,22.4198],[68.9929,22.4316],[69.0073,22.4434],[69.0469,22.4637],[69.0721,22.4823],[69.0829,22.4806],[69.0865,22.4721],[69.0829,22.4603],[69.0757,22.4502],[69.0577,22.4417],[69.0469,22.4316],[69.0613,22.408],[69.0721,22.3995],[69.0901,22.3962],[69.1225,22.4114],[69.1477,22.4046],[69.1549,22.408],[69.1801,22.4282],[69.1873,22.4266],[69.2017,22.4147],[69.2053,22.3978],[69.1837,22.3658],[69.1837,22.3489],[69.1693,22.3286],[69.1729,22.3084],[69.1909,22.2915],[69.2125,22.2813],[69.2125,22.2746],[69.2881,22.2847],[69.3349,22.3067],[69.3457,22.3252],[69.3601,22.3286],[69.4357,22.3303],[69.4681,22.3371],[69.4789,22.3421],[69.4861,22.3472],[69.5041,22.3725],[69.5185,22.3776],[69.5257,22.3928],[69.5149,22.4316],[69.5149,22.4485],[69.5293,22.4468],[69.5401,22.4519],[69.5473,22.4519],[69.5617,22.3911],[69.5545,22.3776],[69.5689,22.3708],[69.6013,22.3641],[69.6157,22.3556],[69.6157,22.3658],[69.6301,22.3843],[69.6409,22.3759],[69.6481,22.381],[69.6517,22.3894],[69.6625,22.3995],[69.6697,22.4097],[69.6733,22.4114],[69.6985,22.4046],[69.7093,22.4181],[69.7237,22.4654],[69.7345,22.4806],[69.7885,22.4232],[69.7957,22.4181],[69.8065,22.4215],[69.8137,22.4299],[69.8209,22.4519],[69.8317,22.4637],[69.8425,22.4671],[69.8641,22.4654],[69.8857,22.4738],[69.9037,22.4857],[69.9613,22.5346],[69.9721,22.5414],[69.9721,22.5397],[69.9973,22.5414],[70.0225,22.5549],[70.0585,22.5583],[70.1449,22.5481],[70.1773,22.5616],[70.1881,22.5785],[70.2061,22.6157],[70.2349,22.6494],[70.2673,22.7052],[70.3249,22.7879],[70.3213,22.8234],[70.3429,22.8436],[70.3753,22.9027],[70.3861,22.9112],[70.4041,22.9196],[70.4365,22.9551],[70.4545,22.9669],[70.4617,22.9669],[70.4725,22.9635],[70.4869,22.9635],[70.4977,22.9703],[70.5049,22.9787],[70.5121,22.9956],[70.5193,23.004],[70.5265,23.0243],[70.5301,23.0463],[70.5157,23.0902],[70.4833,23.1222],[70.4689,23.129],[70.4509,23.1054],[70.4113,23.0868],[70.4005,23.0682],[70.4005,23.0446],[70.4041,23.0328],[70.4113,23.0226],[70.4005,22.999],[70.4005,22.9905],[70.4041,22.9821],[70.4041,22.9686],[70.4005,22.9534],[70.4005,22.9449],[70.3861,22.9382],[70.3645,22.9382],[70.3465,22.9314],[70.3393,22.9348],[70.3321,22.9433],[70.3249,22.9449],[70.3177,22.9449],[70.3105,22.9399],[70.3033,22.9382],[70.2925,22.9534],[70.2709,22.9585],[70.2493,22.9872],[70.2313,23.0007],[70.2313,22.9753],[70.2205,22.9585],[70.2025,22.9517],[70.1773,22.9534],[70.1629,22.9483],[70.1485,22.9652],[70.1305,22.9686],[70.1233,22.9753],[70.1305,22.9939],[70.1089,22.9585],[70.1197,22.9534],[70.1341,22.9416],[70.1341,22.9297],[70.1197,22.9247],[70.0621,22.9179],[69.9973,22.8943],[69.9397,22.8858],[69.8857,22.8673],[69.8533,22.8639],[69.8317,22.8588],[69.8065,22.8453],[69.7597,22.8082],[69.7273,22.7541],[69.7165,22.7474],[69.6949,22.7491],[69.6553,22.7609],[69.5869,22.7609],[69.5761,22.7643],[69.5581,22.7778],[69.5437,22.7812],[69.5005,22.7812],[69.4825,22.7879],[69.4717,22.7947],[69.4249,22.8048],[69.4069,22.8132],[69.3709,22.8183],[69.3385,22.8335],[69.2377,22.8419],[69.2017,22.8521],[69.1369,22.8875],[69.0397,22.95],[68.8669,23.0192],[68.6905,23.1307],[68.6617,23.1543],[68.6545,23.1577],[68.6509,23.1628],[68.6509,23.1813],[68.6221,23.1915],[68.6077,23.2067],[68.5969,23.2371],[68.6077,23.2269],[68.6185,23.2455],[68.6221,23.2556],[68.6221,23.2675],[68.6041,23.259],[68.5789,23.2556],[68.5537,23.259],[68.5393,23.2776],[68.5609,23.3164],[68.6005,23.3215],[68.6077,23.3249],[68.6041,23.3333],[68.5933,23.3401],[68.5717,23.3468],[68.5645,23.3603],[68.5609,23.3637],[68.5537,23.3637],[68.5393,23.357],[68.5213,23.3688],[68.5141,23.3772],[68.5141,23.3992],[68.5213,23.4076],[68.5285,23.4127],[68.5393,23.411],[68.5357,23.4211],[68.5285,23.4262],[68.5213,23.4245],[68.5141,23.4177],[68.4997,23.4228],[68.4889,23.4093],[68.4745,23.4042],[68.4637,23.4093],[68.4601,23.4194],[68.4601,23.4329],[68.4673,23.4465],[68.4529,23.438],[68.4421,23.4346],[68.4313,23.4363],[68.4241,23.4465],[68.4313,23.4667],[68.4457,23.487],[68.4673,23.5056],[68.4853,23.514],[68.4817,23.5258],[68.4745,23.5241],[68.4673,23.5191],[68.4601,23.5207],[68.4529,23.5258],[68.4457,23.541],[68.4385,23.5495],[68.4457,23.5157],[68.4457,23.5022],[68.4313,23.4937],[68.4133,23.4954],[68.4061,23.5089],[68.4097,23.5495],[68.4061,23.5984],[68.4097,23.6221],[68.4277,23.6322],[68.4709,23.6187],[68.4925,23.6187],[68.4925,23.6373],[68.4853,23.6406],[68.4781,23.639],[68.4673,23.6406],[68.4673,23.6558],[68.4709,23.6592],[68.4889,23.6643],[68.5033,23.6744],[68.5249,23.6761],[68.5393,23.6845],[68.5537,23.7065],[68.5825,23.7352],[68.6005,23.7487],[68.6365,23.7622],[68.6545,23.7994],[68.6725,23.8163],[68.6797,23.8179],[68.7157,23.8163],[68.7265,23.8196],[68.7445,23.8331],[68.7697,23.8416],[68.8201,23.8787],[68.8057,23.8838],[68.7805,23.8737],[68.7661,23.8787],[68.7409,23.8534],[68.7193,23.8416],[68.6905,23.8365],[68.6545,23.8365],[68.6329,23.8331],[68.6221,23.8247],[68.6005,23.7825],[68.5861,23.7757],[68.5537,23.769],[68.5105,23.7436],[68.4745,23.7369],[68.4493,23.7234],[68.4277,23.7149],[68.4097,23.6997],[68.3413,23.6238],[68.3521,23.617],[68.3521,23.6102],[68.3485,23.6035],[68.3269,23.5866],[68.3161,23.5866],[68.2945,23.59],[68.2297,23.5883],[68.1829,23.5934],[68.1577,23.6001],[68.1433,23.6119],[68.1505,23.6322],[68.1757,23.6322],[68.1793,23.6339],[68.1829,23.6525],[68.2081,23.6626],[68.2189,23.6592],[68.2333,23.6457],[68.2441,23.6592],[68.2621,23.6609],[68.2765,23.666],[68.2801,23.6862],[68.2585,23.6744],[68.2405,23.6744],[68.2261,23.6812],[68.2081,23.6964],[68.1973,23.7149],[68.1973,23.774],[68.1793,23.7538],[68.1685,23.747],[68.1649,23.7572],[68.1649,23.7723],[68.1757,23.7977],[68.1829,23.8433],[68.1577,23.9057],[68.1577,23.8635],[68.1721,23.8399],[68.1685,23.8196],[68.1505,23.7808],[68.1433,23.7605],[68.1433,23.7436],[68.1541,23.7149],[68.1577,23.6964],[68.1505,23.6947],[68.1289,23.7082],[68.1037,23.7335],[68.1001,23.7099],[68.0821,23.7082],[68.0641,23.7234],[68.0533,23.7436],[68.0569,23.7504],[68.0713,23.7605],[68.0749,23.7656],[68.0749,23.7892],[68.0821,23.8061],[68.0893,23.8095],[68.1037,23.8095],[68.1037,23.8163],[68.0713,23.8416],[68.0605,23.8618],[68.0533,23.8855],[68.0641,23.9226],[68.0461,23.9209],[68.0137,23.9395],[68.0425,23.8517],[68.0533,23.8298],[68.0245,23.774],[68.0137,23.769],[68.0065,23.774],[67.9993,23.7977],[67.9993,23.8061],[67.9957,23.8112],[67.9849,23.8095],[67.9705,23.8027],[67.9525,23.8095],[67.9417,23.8163],[67.9345,23.8331],[67.9273,23.8348],[67.9165,23.8331],[67.9093,23.8365],[67.9057,23.8466],[67.9057,23.8585],[67.8985,23.8669],[67.8913,23.8703],[67.8841,23.8652],[67.8697,23.85],[67.8661,23.8652],[67.8625,23.9024],[67.8553,23.9125],[67.8481,23.8889],[67.8373,23.823],[67.8301,23.8095],[67.8013,23.8129],[67.7725,23.8213],[67.7185,23.8433],[67.7293,23.8348],[67.7401,23.823],[67.7437,23.8095],[67.7329,23.796],[67.7149,23.7909],[67.6933,23.7926],[67.6573,23.8027],[67.6393,23.8011],[67.6321,23.8027],[67.6285,23.8129],[67.6429,23.85],[67.6501,23.9074],[67.6573,23.9193],[67.6573,23.926],[67.6501,23.9277],[67.6501,23.9328],[67.6393,23.9159],[67.6357,23.8737],[67.6285,23.8568],[67.6141,23.85],[67.5997,23.8534],[67.5889,23.8669],[67.5889,23.8855],[67.5745,23.872],[67.5673,23.877],[67.5457,23.899],[67.5313,23.899],[67.5313,23.8905],[67.5349,23.8804],[67.5457,23.8703],[67.4917,23.8838],[67.4773,23.8922],[67.5025,23.8922],[67.5133,23.899],[67.5205,23.9074],[67.5313,23.9294],[67.5421,23.9395],[67.5313,23.9361],[67.5205,23.9277],[67.5097,23.9226],[67.4989,23.926],[67.4953,23.9361],[67.5061,23.9733],[67.4629,23.9817],[67.4521,23.9885],[67.4665,24.0223],[67.4773,24.0324],[67.4917,24.0273],[67.5205,24.0459],[67.5313,24.0543],[67.5313,24.0695],[67.5097,24.0527],[67.4881,24.0543],[67.4665,24.0645],[67.4413,24.0695],[67.3837,24.0662],[67.3549,24.0712],[67.3405,24.0864],[67.3369,24.1185],[67.3261,24.1438],[67.3009,24.186],[67.2937,24.2131],[67.2937,24.262],[67.2901,24.2705],[67.2793,24.2806],[67.2937,24.3026],[67.2865,24.3296],[67.3045,24.3431],[67.3369,24.3465],[67.3621,24.3448],[67.3441,24.3532],[67.3261,24.3583],[67.2829,24.3583],[67.2721,24.3684],[67.2721,24.3954],[67.2865,24.4393],[67.2793,24.4326],[67.2577,24.4191],[67.2577,24.4444],[67.2469,24.468],[67.2325,24.4883],[67.2109,24.5086],[67.2325,24.5255],[67.2253,24.5322],[67.2037,24.5356],[67.1929,24.5474],[67.1821,24.5896],[67.2001,24.5846],[67.2181,24.5829],[67.2361,24.5846],[67.2541,24.5896],[67.2253,24.6065],[67.1893,24.6183],[67.1713,24.6166],[67.1605,24.6116],[67.1533,24.6149],[67.1497,24.6352],[67.1569,24.6622],[67.1749,24.6892],[67.2001,24.7112],[67.2253,24.7264],[67.2541,24.7399],[67.2541,24.7483],[67.2469,24.7619],[67.2325,24.7703],[67.2253,24.7703],[67.2109,24.7652],[67.1749,24.7585],[67.1677,24.7602],[67.1569,24.7922],[67.1497,24.799],[67.1389,24.8041],[67.1101,24.7973],[67.0993,24.7973],[67.0813,24.8041],[67.0741,24.7956],[67.0813,24.7737],[67.0633,24.7821],[67.0237,24.8108],[67.0057,24.8142],[66.9877,24.8226],[66.9733,24.8328],[66.9661,24.8429],[66.9589,24.8429],[66.9589,24.8176],[66.9661,24.8108],[66.9409,24.8125],[66.9229,24.8243],[66.9049,24.8395],[66.8833,24.8513],[66.8545,24.853],[66.8041,24.8395],[66.7789,24.8513],[66.7681,24.848],[66.7177,24.8412],[66.6925,24.8328],[66.6781,24.8311],[66.6529,24.8395],[66.6565,24.8581],[66.6781,24.8801],[66.7033,24.8919],[66.7033,24.8986],[66.6817,24.9104],[66.6817,24.9493],[66.6961,25.0253],[66.6997,25.0861],[66.7033,25.1046],[66.7141,25.1215],[66.7321,25.1435],[66.7393,25.1587],[66.7357,25.1806],[66.7213,25.2127],[66.7177,25.2313],[66.7105,25.2397],[66.6745,25.2684],[66.6601,25.2752],[66.6493,25.2836],[66.5953,25.3309],[66.5593,25.3495],[66.5485,25.3664],[66.5521,25.3849],[66.5809,25.3799],[66.5917,25.4001],[66.5881,25.4255],[66.5629,25.439],[66.5521,25.4575],[66.5413,25.493],[66.5305,25.5183],[66.5125,25.5082],[66.5089,25.5133],[66.5089,25.5183],[66.5053,25.5217],[66.4945,25.5183],[66.4873,25.5251],[66.4837,25.5386],[66.4765,25.5487],[66.4441,25.5825],[66.4369,25.5977],[66.4117,25.5909],[66.3865,25.5926],[66.3721,25.6045],[66.3757,25.6264],[66.3577,25.6146],[66.3397,25.6078],[66.3037,25.6045],[66.2713,25.6112],[66.2569,25.6112],[66.2533,25.6095],[66.2497,25.6045],[66.2389,25.5994],[66.2029,25.5926],[66.1849,25.5808],[66.1669,25.5656],[66.1561,25.5487],[66.1381,25.5133],[66.1309,25.5082],[66.1201,25.5048],[66.0985,25.4846],[66.0949,25.4744],[66.1201,25.4744],[66.2137,25.4913],[66.2245,25.4998],[66.2389,25.5166],[66.2497,25.5217],[66.2569,25.5217],[66.2605,25.5251],[66.2569,25.5318],[66.2569,25.5437],[66.2785,25.5504],[66.3109,25.5538],[66.3361,25.5538],[66.3469,25.547],[66.3541,25.5352],[66.3901,25.5217],[66.4117,25.4913],[66.4225,25.4812],[66.4369,25.4913],[66.4549,25.4964],[66.4765,25.493],[66.4909,25.4812],[66.4585,25.4542],[66.4981,25.4305],[66.5125,25.4136],[66.4981,25.3984],[66.4837,25.4001],[66.4369,25.4339],[66.3613,25.466],[66.3109,25.4744],[66.2785,25.4677],[66.2533,25.4727],[66.2209,25.4643],[66.1885,25.4525],[66.1597,25.4474],[66.0697,25.4457],[66.0049,25.4288],[65.9257,25.4187],[65.8825,25.4204],[65.8573,25.417],[65.8249,25.4018],[65.7997,25.3951],[65.7637,25.3782],[65.7241,25.3714],[65.6701,25.3478],[65.6521,25.3444],[65.6305,25.3461],[65.4865,25.3833],[65.4685,25.3849],[65.4469,25.3816],[65.4001,25.3664],[65.3821,25.3714],[65.3965,25.3917],[65.3641,25.39],[65.3353,25.3849],[65.3137,25.3765],[65.2921,25.3647],[65.2597,25.3799],[65.2309,25.3714],[65.1877,25.3106],[65.1805,25.3039],[65.1697,25.2988],[65.1553,25.2954],[65.1445,25.2954],[65.1193,25.3022],[65.0905,25.3056],[65.0437,25.3174],[64.9788,25.3174],[64.9212,25.3275],[64.8888,25.3275],[64.86,25.3174],[64.8384,25.3258],[64.806,25.3292],[64.7448,25.3242],[64.7196,25.314],[64.6944,25.2971],[64.68,25.2769],[64.6692,25.2549],[64.662,25.2296],[64.662,25.2178],[64.6692,25.2059],[64.68,25.2009],[64.698,25.1975],[64.7088,25.1908],[64.7088,25.1789],[64.7016,25.1789],[64.6548,25.1654],[64.6404,25.1671],[64.6152,25.1739],[64.6008,25.1739],[64.626,25.211],[64.626,25.2279],[64.6116,25.2515],[64.5936,25.2617],[64.5648,25.2701],[64.536,25.2752],[64.518,25.2752],[64.5072,25.2667],[64.4928,25.2465]]}},{"type":"Feature","properties":{"kind":"coast"},"geometry":{"type":"Polygon","coordinates":[[[67.3765,24.0628],[67.3909,24.0493],[67.4125,24.0493],[67.4593,24.0628],[67.4773,24.051],[67.4845,24.0493],[67.4665,24.0408],[67.4593,24.0273],[67.4557,24.0138],[67.4269,24.0071],[67.4089,24.0138],[67.3945,24.0273],[67.3801,24.0459],[67.3765,24.0628]]]}},{"type":"Feature","properties":{"kind":"border","name":"Yemen"},"geometry":{"type":"LineString","coordinates":[[53.084,16.649],[52.58,16.47],[52.328,16.293],[52.238,16.171],[52.174,15.956],[52.22,15.76],[52.217,15.656],[51.832,15.46],[51.749,15.441],[51.605,15.336],[51.324,15.227],[51.014,15.14],[50.528,15.038],[50.168,14.85],[49.905,14.828],[49.351,14.639],[49.049,14.456],[49.005,14.356],[48.93,14.267],[48.667,14.05],[48.278,13.998],[47.99,14.048],[47.853,13.956],[47.634,13.859],[47.407,13.661],[46.975,13.547],[46.788,13.465],[46.503,13.415],[46.205,13.423],[45.92,13.394],[45.657,13.338],[45.535,13.234],[45.395,13.068],[45.164,12.998],[45.038,12.816],[44.754,12.764],[44.617,12.818],[44.358,12.67],[44.005,12.607],[43.929,12.616],[43.836,12.675],[43.634,12.745],[43.487,12.699],[43.476,12.838],[43.231,13.267],[43.281,13.692],[43.235,13.859],[43.091,14.01],[43.094,14.203],[43.008,14.482],[43.022,14.555],[42.921,14.817],[42.936,14.939],[42.857,15.133],[42.659,15.232],[42.698,15.326],[42.788,15.265],[42.799,15.326],[42.716,15.654],[42.839,16.033],[42.799,16.371],[43.033,16.55],[43.105,16.665],[43.166,16.689],[43.184,16.812],[43.145,16.847],[43.116,16.942],[43.155,17.204],[43.238,17.267],[43.188,17.324],[43.191,17.359],[43.346,17.486],[43.418,17.517],[43.541,17.5],[43.713,17.366],[43.919,17.324],[44.156,17.399],[44.545,17.404],[44.747,17.432],[45.146,17.427],[45.236,17.406],[45.405,17.319],[45.535,17.302],[46.309,17.23],[46.727,17.265],[46.975,16.953],[47.144,16.947],[47.443,17.112],[47.58,17.449],[48.174,18.157],[49.041,18.581],[49.445,18.656],[51.979,18.996],[52.728,17.3],[52.8,17.269],[53.084,16.649]]}},{"type":"Feature","properties":{"kind":"border","name":"Yemen"},"geometry":{"type":"LineString","coordinates":[[53.765,12.637],[53.826,12.625],[53.92,12.66],[54.186,12.665],[54.51,12.552],[54.413,12.482],[54.272,12.446],[54.128,12.361],[53.718,12.319],[53.599,12.342],[53.315,12.533],[53.43,12.663],[53.534,12.715],[53.639,12.708],[53.765,12.637]]}},{"type":"Feature","properties":{"kind":"border","name":"Uzbekistan"},"geometry":{"type":"LineString","coordinates":[[70.948,42.248],[71.038,42.284],[71.214,42.206],[71.229,42.163],[70.858,42.031],[70.804,41.923],[70.631,41.875],[70.455,41.725],[70.181,41.571],[70.203,41.514],[70.473,41.413],[70.645,41.46],[70.689,41.449],[70.735,41.401],[70.782,41.262],[71.11,41.153],[71.301,41.153],[71.394,41.123],[71.419,41.342],[71.499,41.307],[71.585,41.333],[71.621,41.436],[71.603,41.503],[71.664,41.541],[71.697,41.515],[71.7,41.455],[71.794,41.413],[71.859,41.311],[71.88,41.194],[72.053,41.165],[72.114,41.187],[72.165,41.173],[72.186,41.026],[72.363,41.043],[72.507,40.982],[72.658,40.87],[72.831,40.863],[72.867,40.842],[72.989,40.861],[73.133,40.828],[73.137,40.811],[72.773,40.651],[72.679,40.555],[72.604,40.526],[72.402,40.578],[72.37,40.519],[72.406,40.463],[72.359,40.401],[72.255,40.423],[72.233,40.455],[72.132,40.439],[72.013,40.34],[71.956,40.259],[71.844,40.234],[71.693,40.153],[71.628,40.217],[71.52,40.208],[71.304,40.286],[70.653,40.201],[70.602,40.213],[70.534,40.325],[70.397,40.361],[70.368,40.411],[70.383,40.453],[70.714,40.668],[70.75,40.739],[70.638,40.779],[70.656,40.84],[70.44,41.024],[70.401,41.035],[70.372,41.028],[70.293,40.892],[69.713,40.658],[69.63,40.679],[69.414,40.797],[69.356,40.767],[69.31,40.724],[69.313,40.635],[69.205,40.566],[69.302,40.328],[69.295,40.297],[69.22,40.288],[69.274,40.198],[68.953,40.222],[68.629,40.167],[68.64,40.128],[68.928,40.137],[68.968,40.12],[68.971,40.09],[68.957,40.071],[68.806,40.05],[68.788,40.014],[68.87,39.908],[68.831,39.884],[68.777,39.904],[68.734,39.837],[68.64,39.838],[68.586,39.635],[68.507,39.562],[68.399,39.529],[67.718,39.621],[67.542,39.557],[67.427,39.465],[67.358,39.217],[67.65,39.132],[67.693,38.995],[68.046,38.984],[68.132,38.927],[68.147,38.891],[68.046,38.67],[68.086,38.474],[68.143,38.384],[68.352,38.212],[68.341,38.116],[68.294,38.033],[68.237,37.96],[68.176,37.929],[67.862,37.571],[67.816,37.486],[67.798,37.245],[67.758,37.172],[67.754,37.2],[67.7,37.227],[67.607,37.222],[67.546,37.236],[67.517,37.267],[67.319,37.21],[67.196,37.234],[67.07,37.335],[66.829,37.372],[66.523,37.349],[66.509,37.458],[66.527,37.786],[66.628,37.932],[66.628,37.96],[66.574,38.01],[66.39,38.05],[65.972,38.245],[65.857,38.269],[65.728,38.226],[65.612,38.238],[65.076,38.54],[64.658,38.736],[64.309,38.977],[64.162,38.953],[63.762,39.161],[63.506,39.377],[62.65,39.859],[62.484,39.976],[62.441,40.036],[62.376,40.331],[62.297,40.467],[62.189,40.542],[62.095,40.684],[61.955,41.031],[61.904,41.094],[61.645,41.239],[61.498,41.276],[61.386,41.252],[61.328,41.194],[61.242,41.189],[60.868,41.248],[60.454,41.222],[60.09,41.399],[60.068,41.475],[60.137,41.594],[60.076,41.701],[60.076,41.76],[60.108,41.793],[60.176,41.783],[60.202,41.804],[60.108,41.908],[59.942,41.974],[59.975,42.019],[60.007,42.191],[59.986,42.212],[59.86,42.295],[59.453,42.3],[59.356,42.323],[59.276,42.356],[59.161,42.512],[58.877,42.562],[58.589,42.779],[58.531,42.682],[58.477,42.663],[58.261,42.689],[58.153,42.628],[58.16,42.602],[58.29,42.528],[58.42,42.406],[58.477,42.34],[58.474,42.3],[58.398,42.293],[58.283,42.429],[58.027,42.488],[57.944,42.42],[57.923,42.335],[57.815,42.189],[57.383,42.156],[57.289,42.123],[57.113,41.956],[56.965,41.857],[57.019,41.451],[57.12,41.35],[57.019,41.264],[55.979,41.323],[55.975,44.994],[57.476,45.338],[58.556,45.555],[61.008,44.394],[61.066,44.349],[61.098,44.248],[61.159,44.168],[61.991,43.493],[63.208,43.628],[64.442,43.552],[64.907,43.715],[65.27,43.418],[65.497,43.31],[65.803,42.876],[66.102,42.991],[66.016,42.314],[66.008,42.005],[66.498,41.995],[66.538,41.741],[66.71,41.179],[66.815,41.142],[67.736,41.187],[67.805,41.165],[67.934,41.196],[68.114,41.029],[68.046,40.809],[68.161,40.722],[68.413,40.62],[68.572,40.623],[68.6,40.66],[68.557,40.765],[68.582,40.877],[68.737,41.041],[68.986,41.205],[69.043,41.264],[69.065,41.366],[69.155,41.425],[69.367,41.491],[69.4,41.541],[69.662,41.672],[69.961,41.753],[70.095,41.821],[70.224,41.946],[70.415,42.078],[70.491,42.08],[70.541,42.04],[70.584,42.036],[70.714,42.168],[70.948,42.248]]}},{"type":"Feature","properties":{"kind":"border","name":"Uzbekistan"},"geometry":{"type":"LineString","coordinates":[[70.653,40.937],[70.62,41.002],[70.552,41.015],[70.624,40.934],[70.653,40.937]]}},{"type":"Feature","properties":{"kind":"border","name":"Uzbekistan"},"geometry":{"type":"LineString","coordinates":[[71.207,39.892],[71.013,39.896],[71.045,39.993],[70.973,40.038],[70.977,40.134],[71.023,40.149],[71.081,40.08],[71.229,40.048],[71.178,39.979],[71.207,39.892]]}},{"type":"Feature","properties":{"kind":"border","name":"Uzbekistan"},"geometry":{"type":"LineString","coordinates":[[71.779,39.95],[71.754,39.908],[71.668,39.946],[71.682,39.969],[71.79,39.995],[71.779,39.95]]}},{"type":"Feature","properties":{"kind":"border","name":"United Arab Emirates"},"geometry":{"type":"LineString","coordinates":[[56.299,25.65],[56.364,25.57],[56.371,25.018],[56.389,24.98],[56.353,24.973],[56.267,24.867],[56.065,24.739],[55.972,24.858],[56.018,24.907],[56.0,24.954],[55.918,24.971],[55.871,24.952],[55.795,24.869],[55.806,24.683],[55.77,24.49],[55.806,24.35],[55.759,24.242],[55.928,24.214],[55.993,24.093],[55.986,24.063],[55.547,23.992],[55.468,23.942],[55.518,23.886],[55.532,23.819],[55.201,23.034],[55.187,22.704],[55.118,22.624],[52.555,22.933],[51.572,24.128],[51.569,24.286],[51.605,24.338],[51.666,24.251],[51.767,24.254],[51.792,24.076],[51.842,24.011],[51.907,23.985],[52.12,23.971],[52.249,23.996],[52.649,24.155],[53.894,24.077],[54.398,24.279],[54.46,24.358],[54.535,24.53],[54.625,24.621],[54.658,24.716],[54.748,24.81],[55.097,25.041],[55.302,25.237],[55.32,25.299],[55.522,25.497],[55.943,25.794],[56.026,25.916],[56.08,26.063],[56.166,26.048],[56.144,25.69],[56.184,25.645],[56.249,25.626],[56.299,25.65]]}},{"type":"Feature","properties":{"kind":"border","name":"United Arab Emirates"},"geometry":{"type":"LineString","coordinates":[[56.281,25.235],[56.278,25.301],[56.234,25.305],[56.209,25.213],[56.281,25.235]]}},{"type":"Feature","properties":{"kind":"border","name":"United Arab Emirates"},"geometry":{"type":"LineString","coordinates":[[53.333,24.258],[53.257,24.253],[53.192,24.291],[53.333,24.341],[53.412,24.411],[53.444,24.371],[53.383,24.28],[53.333,24.258]]}},{"type":"Feature","properties":{"kind":"border","name":"United Arab Emirates"},"geometry":{"type":"LineString","coordinates":[[52.616,24.289],[52.598,24.282],[52.584,24.336],[52.584,24.352],[52.631,24.378],[52.656,24.332],[52.616,24.289]]}},{"type":"Feature","properties":{"kind":"border","name":"United Arab Emirates"},"geometry":{"type":"LineString","coordinates":[[53.927,24.178],[53.927,24.143],[53.826,24.154],[53.801,24.136],[53.635,24.169],[53.689,24.211],[53.833,24.26],[53.927,24.178]]}},{"type":"Feature","properties":{"kind":"border","name":"United Arab Emirates"},"geometry":{"type":"LineString","coordinates":[[54.467,24.444],[54.427,24.424],[54.334,24.471],[54.398,24.506],[54.467,24.444]]}},{"type":"Feature","properties":{"kind":"border","name":"Turkmenistan"},"geometry":{"type":"LineString","coordinates":[[53.11,38.804],[53.099,38.757],[53.045,38.898],[53.02,39.052],[53.052,39.097],[53.092,39.094],[53.056,39.038],[53.11,38.804]]}},{"type":"Feature","properties":{"kind":"border","name":"Turkmenistan"},"geometry":{"type":"LineString","coordinates":[[55.979,41.323],[57.019,41.264],[57.12,41.35],[57.019,41.451],[56.965,41.857],[57.113,41.956],[57.289,42.123],[57.383,42.156],[57.815,42.189],[57.923,42.335],[57.944,42.42],[58.027,42.488],[58.283,42.429],[58.398,42.293],[58.474,42.3],[58.477,42.34],[58.42,42.406],[58.29,42.528],[58.16,42.602],[58.153,42.628],[58.261,42.689],[58.477,42.663],[58.531,42.682],[58.589,42.779],[58.877,42.562],[59.161,42.512],[59.276,42.356],[59.356,42.323],[59.453,42.3],[59.86,42.295],[59.986,42.212],[60.007,42.191],[59.975,42.019],[59.942,41.974],[60.108,41.908],[60.202,41.804],[60.176,41.783],[60.108,41.793],[60.076,41.76],[60.076,41.701],[60.137,41.594],[60.068,41.475],[60.09,41.399],[60.454,41.222],[60.868,41.248],[61.242,41.189],[61.328,41.194],[61.386,41.252],[61.498,41.276],[61.645,41.239],[61.904,41.094],[61.955,41.031],[62.095,40.684],[62.189,40.542],[62.297,40.467],[62.376,40.331],[62.441,40.036],[62.484,39.976],[62.65,39.859],[63.506,39.377],[63.762,39.161],[64.162,38.953],[64.309,38.977],[64.658,38.736],[65.076,38.54],[65.612,38.238],[65.728,38.226],[65.857,38.269],[65.972,38.245],[66.39,38.05],[66.574,38.01],[66.628,37.96],[66.628,37.932],[66.527,37.786],[66.509,37.458],[66.523,37.349],[66.109,37.415],[65.764,37.569],[65.641,37.467],[65.555,37.252],[65.09,37.238],[64.817,37.132],[64.565,36.427],[64.511,36.34],[64.36,36.226],[64.093,36.113],[64.05,36.068],[64.043,36.024],[64.01,36.012],[63.863,36.012],[63.301,35.858],[63.128,35.846],[63.107,35.818],[63.168,35.679],[63.118,35.637],[63.056,35.446],[62.689,35.255],[62.61,35.233],[62.462,35.252],[62.387,35.231],[62.308,35.17],[62.272,35.189],[62.214,35.29],[61.984,35.443],[61.721,35.419],[61.62,35.432],[61.422,35.545],[61.346,35.629],[61.264,35.62],[61.235,35.705],[61.26,35.762],[61.253,35.868],[61.206,35.943],[61.152,35.978],[61.213,36.099],[61.213,36.191],[61.174,36.29],[61.17,36.573],[61.12,36.642],[60.342,36.637],[60.061,36.964],[59.95,37.042],[59.561,37.179],[59.456,37.254],[59.366,37.333],[59.345,37.444],[59.302,37.51],[58.816,37.684],[58.65,37.651],[58.549,37.688],[58.387,37.635],[58.261,37.665],[58.11,37.783],[57.98,37.83],[57.354,37.974],[57.307,38.13],[57.192,38.217],[56.908,38.214],[56.67,38.257],[56.44,38.25],[56.324,38.191],[56.296,38.095],[56.27,38.08],[55.579,38.099],[55.381,38.05],[55.075,37.903],[54.899,37.778],[54.848,37.722],[54.744,37.502],[54.701,37.471],[54.193,37.332],[53.916,37.344],[53.848,37.67],[53.822,37.927],[53.855,38.286],[53.84,38.516],[53.887,38.865],[53.869,38.95],[53.725,39.102],[53.704,39.21],[53.617,39.215],[53.477,39.305],[53.336,39.34],[53.203,39.318],[53.156,39.266],[53.124,39.347],[53.124,39.432],[53.236,39.609],[53.304,39.557],[53.39,39.536],[53.603,39.547],[53.581,39.608],[53.473,39.668],[53.452,39.748],[53.488,39.91],[53.405,39.96],[52.987,39.988],[52.951,39.896],[53.034,39.774],[52.897,39.913],[52.804,40.054],[52.746,40.22],[52.735,40.399],[52.85,40.686],[52.944,41.038],[53.059,40.89],[53.146,40.824],[53.333,40.783],[53.52,40.831],[53.614,40.819],[53.765,40.667],[53.869,40.649],[54.193,40.72],[54.377,40.693],[54.319,40.835],[54.373,40.871],[54.546,40.831],[54.686,40.873],[54.712,40.89],[54.722,40.951],[54.704,41.071],[54.593,41.194],[54.283,41.364],[54.096,41.519],[53.848,42.092],[53.804,42.118],[53.624,42.137],[53.286,42.081],[53.164,42.094],[52.969,41.975],[52.904,41.896],[52.814,41.712],[52.883,41.653],[52.829,41.342],[52.85,41.199],[52.609,41.529],[52.494,41.781],[52.872,42.061],[53.056,42.147],[53.686,42.297],[54.121,42.335],[54.679,42.078],[54.856,41.965],[54.902,41.92],[54.953,41.811],[55.248,41.458],[55.435,41.297],[55.547,41.262],[55.979,41.323]]}},{"type":"Feature","properties":{"kind":"border","name":"Thailand"},"geometry":{"type":"LineString","coordinates":[[98.409,7.903],[98.398,7.828],[98.358,7.83],[98.297,7.776],[98.261,7.925],[98.322,8.167],[98.351,8.111],[98.434,8.085],[98.398,7.965],[98.409,7.903]]}},{"type":"Feature","properties":{"kind":"border","name":"Thailand"},"geometry":{"type":"LineString","coordinates":[[100.122,20.317],[100.115,20.258],[100.14,20.246],[100.266,20.378],[100.317,20.387],[100.374,20.34],[100.432,20.241],[100.518,20.178],[100.544,20.088],[100.396,19.756],[100.421,19.645],[100.515,19.553],[100.626,19.499],[100.745,19.515],[100.857,19.584],[100.965,19.611],[101.156,19.579],[101.213,19.548],[101.199,19.328],[101.282,19.09],[101.285,18.977],[101.166,18.618],[101.048,18.442],[101.138,18.288],[101.145,18.142],[100.907,17.585],[100.958,17.541],[101.105,17.479],[101.166,17.5],[101.415,17.718],[101.688,17.89],[101.775,18.034],[101.818,18.065],[101.876,18.046],[101.948,18.081],[102.102,18.211],[102.149,18.204],[102.459,17.984],[102.552,17.965],[102.599,17.927],[102.617,17.833],[102.66,17.817],[102.718,17.892],[102.808,17.946],[102.992,17.986],[103.053,18.029],[103.15,18.222],[103.28,18.305],[103.247,18.34],[103.287,18.409],[103.488,18.418],[103.791,18.317],[103.899,18.295],[103.949,18.319],[104.05,18.217],[104.324,17.815],[104.428,17.699],[104.655,17.546],[104.741,17.461],[104.817,17.3],[104.759,17.078],[104.745,16.885],[104.752,16.647],[104.82,16.467],[104.95,16.34],[105.026,16.237],[105.047,16.161],[105.148,16.093],[105.332,16.038],[105.407,15.987],[105.375,15.942],[105.4,15.83],[105.623,15.699],[105.641,15.656],[105.616,15.488],[105.512,15.361],[105.49,15.257],[105.49,15.128],[105.533,15.041],[105.548,14.932],[105.476,14.531],[105.342,14.416],[105.17,14.337],[105.072,14.227],[105.004,14.255],[104.968,14.366],[104.777,14.429],[104.41,14.37],[104.226,14.396],[103.982,14.357],[103.74,14.375],[103.6,14.422],[103.2,14.333],[103.031,14.253],[102.909,14.137],[102.729,13.842],[102.545,13.66],[102.567,13.627],[102.545,13.585],[102.336,13.561],[102.318,13.54],[102.329,13.288],[102.462,13.015],[102.498,12.67],[102.628,12.569],[102.754,12.427],[102.707,12.255],[102.736,12.09],[102.934,11.706],[102.912,11.703],[102.79,11.889],[102.761,12.012],[102.596,12.203],[102.542,12.109],[102.344,12.253],[102.261,12.394],[102.228,12.331],[102.034,12.531],[101.836,12.64],[101.724,12.689],[101.444,12.62],[101.091,12.673],[100.954,12.621],[100.896,12.654],[100.864,12.715],[100.896,12.818],[100.904,13.035],[100.947,13.187],[100.925,13.304],[100.961,13.432],[100.655,13.521],[100.601,13.567],[100.536,13.514],[100.234,13.484],[100.122,13.439],[100.018,13.354],[99.989,13.243],[100.05,13.172],[100.09,13.045],[99.964,12.691],[100.007,12.354],[99.989,12.17],[99.932,12.047],[99.838,11.937],[99.798,11.748],[99.726,11.661],[99.626,11.463],[99.514,11.101],[99.485,10.889],[99.284,10.569],[99.237,10.389],[99.165,10.319],[99.194,10.175],[99.161,9.734],[99.287,9.415],[99.255,9.266],[99.395,9.214],[99.723,9.314],[99.834,9.288],[99.906,9.113],[99.96,8.672],[99.989,8.589],[100.13,8.429],[100.155,8.443],[100.162,8.509],[100.23,8.425],[100.281,8.269],[100.454,7.443],[100.544,7.228],[100.439,7.281],[100.382,7.542],[100.284,7.552],[100.281,7.583],[100.324,7.644],[100.317,7.715],[100.256,7.774],[100.158,7.728],[100.162,7.599],[100.205,7.5],[100.425,7.188],[100.49,7.162],[100.587,7.176],[100.792,6.995],[101.019,6.861],[101.303,6.908],[101.498,6.865],[101.613,6.754],[101.8,6.474],[102.102,6.242],[102.056,6.097],[101.937,5.979],[101.872,5.825],[101.789,5.78],[101.678,5.778],[101.555,5.908],[101.256,5.79],[101.192,5.669],[101.112,5.637],[100.983,5.771],[100.994,5.846],[101.076,5.957],[101.087,6.033],[101.055,6.243],[100.875,6.245],[100.756,6.46],[100.716,6.481],[100.63,6.448],[100.346,6.551],[100.263,6.683],[100.176,6.672],[100.119,6.441],[99.87,6.75],[99.698,6.877],[99.719,7.106],[99.669,7.151],[99.604,7.155],[99.554,7.219],[99.597,7.356],[99.528,7.33],[99.435,7.335],[99.359,7.372],[99.302,7.561],[99.262,7.618],[99.183,7.719],[99.078,7.719],[99.042,7.766],[99.05,7.887],[98.974,7.962],[98.79,8.059],[98.704,8.257],[98.578,8.344],[98.499,8.318],[98.42,8.179],[98.362,8.188],[98.304,8.226],[98.24,8.424],[98.225,8.544],[98.243,8.767],[98.326,8.969],[98.373,9.29],[98.445,9.493],[98.492,9.561],[98.564,9.837],[98.704,10.191],[98.769,10.431],[98.758,10.661],[99.19,11.106],[99.478,11.613],[99.572,11.687],[99.615,11.781],[99.431,12.309],[99.395,12.474],[99.406,12.548],[99.219,12.739],[99.172,12.882],[99.172,12.962],[99.125,13.031],[99.107,13.104],[99.176,13.232],[99.172,13.496],[99.136,13.717],[98.934,14.05],[98.571,14.359],[98.247,14.814],[98.204,14.975],[98.178,15.147],[98.193,15.205],[98.452,15.357],[98.538,15.35],[98.556,15.368],[98.56,15.769],[98.592,16.05],[98.819,16.18],[98.866,16.237],[98.888,16.352],[98.837,16.418],[98.69,16.305],[98.661,16.331],[98.477,16.732],[98.47,16.895],[98.438,16.975],[98.175,17.239],[97.707,17.796],[97.7,17.833],[97.739,17.935],[97.721,18.038],[97.624,18.258],[97.631,18.291],[97.523,18.296],[97.451,18.359],[97.376,18.519],[97.516,18.498],[97.746,18.588],[97.707,18.932],[97.714,18.996],[97.804,19.13],[97.793,19.265],[97.818,19.459],[97.916,19.593],[97.991,19.654],[98.016,19.749],[98.049,19.77],[98.11,19.762],[98.24,19.69],[98.373,19.689],[98.762,19.77],[98.916,19.774],[98.988,19.862],[99.021,20.041],[99.075,20.1],[99.197,20.116],[99.338,20.079],[99.485,20.15],[99.503,20.189],[99.46,20.362],[99.64,20.321],[99.719,20.326],[99.892,20.425],[99.953,20.416],[100.122,20.317]]}},{"type":"Feature","properties":{"kind":"border","name":"Thailand"},"geometry":{"type":"LineString","coordinates":[[100.076,9.696],[100.065,9.681],[100.025,9.712],[99.982,9.793],[100.043,9.792],[100.076,9.696]]}},{"type":"Feature","properties":{"kind":"border","name":"Thailand"},"geometry":{"type":"LineString","coordinates":[[100.072,9.587],[100.054,9.462],[99.964,9.422],[99.932,9.476],[99.939,9.561],[99.953,9.582],[100.072,9.587]]}},{"type":"Feature","properties":{"kind":"border","name":"Thailand"},"geometry":{"type":"LineString","coordinates":[[99.662,6.521],[99.644,6.516],[99.608,6.597],[99.654,6.714],[99.701,6.571],[99.662,6.521]]}},{"type":"Feature","properties":{"kind":"border","name":"Thailand"},"geometry":{"type":"LineString","coordinates":[[98.592,7.934],[98.582,7.917],[98.531,8.108],[98.603,8.057],[98.592,7.934]]}},{"type":"Feature","properties":{"kind":"border","name":"Thailand"},"geometry":{"type":"LineString","coordinates":[[98.308,9.052],[98.25,9.04],[98.258,9.096],[98.272,9.13],[98.301,9.139],[98.312,9.08],[98.308,9.052]]}},{"type":"Feature","properties":{"kind":"border","name":"Thailand"},"geometry":{"type":"LineString","coordinates":[[99.078,7.592],[99.104,7.471],[99.068,7.497],[99.039,7.549],[99.039,7.625],[99.046,7.637],[99.078,7.592]]}},{"type":"Feature","properties":{"kind":"border","name":"Tajikistan"},"geometry":{"type":"LineString","coordinates":[[67.758,37.172],[67.798,37.245],[67.816,37.486],[67.862,37.571],[68.176,37.929],[68.237,37.96],[68.294,38.033],[68.341,38.116],[68.352,38.212],[68.143,38.384],[68.086,38.474],[68.046,38.67],[68.147,38.891],[68.132,38.927],[68.046,38.984],[67.693,38.995],[67.65,39.132],[67.358,39.217],[67.427,39.465],[67.542,39.557],[67.718,39.621],[68.302,39.538],[68.464,39.536],[68.586,39.635],[68.64,39.838],[68.734,39.837],[68.777,39.904],[68.831,39.884],[68.87,39.908],[68.788,40.014],[68.806,40.05],[68.957,40.071],[68.971,40.09],[68.968,40.12],[68.928,40.137],[68.64,40.128],[68.629,40.167],[68.953,40.222],[69.274,40.198],[69.22,40.288],[69.295,40.297],[69.302,40.328],[69.205,40.566],[69.313,40.635],[69.31,40.724],[69.356,40.767],[69.414,40.797],[69.63,40.679],[69.713,40.658],[70.293,40.892],[70.372,41.028],[70.401,41.035],[70.44,41.024],[70.656,40.84],[70.638,40.779],[70.75,40.739],[70.75,40.722],[70.714,40.668],[70.383,40.453],[70.372,40.384],[70.534,40.325],[70.602,40.213],[70.653,40.201],[70.959,40.239],[70.948,40.187],[70.739,40.132],[70.645,40.083],[70.624,39.998],[70.516,39.95],[70.451,40.048],[69.968,40.203],[69.529,40.097],[69.468,40.021],[69.475,39.92],[69.432,39.91],[69.306,39.969],[69.277,39.918],[69.23,39.76],[69.281,39.667],[69.299,39.524],[69.464,39.533],[69.598,39.575],[69.958,39.554],[70.138,39.557],[70.17,39.585],[70.246,39.543],[70.501,39.587],[70.609,39.564],[70.732,39.413],[70.8,39.394],[71.005,39.411],[71.067,39.493],[71.47,39.604],[71.517,39.554],[71.502,39.479],[71.545,39.453],[71.733,39.424],[71.725,39.307],[71.779,39.278],[72.042,39.352],[72.229,39.208],[72.359,39.337],[72.564,39.377],[73.108,39.363],[73.234,39.375],[73.471,39.46],[73.633,39.45],[73.608,39.229],[73.806,38.969],[73.795,38.941],[73.731,38.915],[73.695,38.854],[73.803,38.608],[73.972,38.533],[74.026,38.54],[74.065,38.609],[74.13,38.661],[74.278,38.66],[74.515,38.601],[74.746,38.51],[74.811,38.46],[74.836,38.404],[74.771,38.274],[74.775,38.193],[74.789,38.104],[74.843,38.038],[74.937,37.773],[74.893,37.601],[75.099,37.451],[75.12,37.385],[74.89,37.231],[74.659,37.394],[74.523,37.382],[74.35,37.418],[74.26,37.415],[74.166,37.33],[73.749,37.231],[73.626,37.262],[73.716,37.33],[73.734,37.375],[73.72,37.418],[73.482,37.472],[73.381,37.462],[72.895,37.267],[72.759,37.172],[72.658,37.03],[72.359,36.983],[72.154,36.901],[71.801,36.695],[71.664,36.696],[71.596,36.733],[71.531,36.846],[71.434,37.127],[71.506,37.602],[71.581,37.91],[71.553,37.932],[71.319,37.901],[71.279,37.918],[71.283,38.009],[71.333,38.17],[71.257,38.307],[71.052,38.418],[70.879,38.457],[70.735,38.422],[70.617,38.335],[70.419,38.075],[70.213,37.924],[70.199,37.885],[70.257,37.766],[70.253,37.665],[70.188,37.582],[70.12,37.543],[70.044,37.547],[69.94,37.601],[69.821,37.609],[69.626,37.594],[69.493,37.554],[69.421,37.486],[69.4,37.399],[69.428,37.292],[69.414,37.208],[69.302,37.116],[69.266,37.108],[68.96,37.325],[68.91,37.333],[68.856,37.316],[68.824,37.271],[68.669,37.259],[68.546,37.184],[68.388,37.137],[68.298,37.089],[68.262,37.012],[68.212,37.021],[68.068,36.95],[67.96,36.972],[67.834,37.064],[67.758,37.172]]}},{"type":"Feature","properties":{"kind":"border","name":"Tajikistan"},"geometry":{"type":"LineString","coordinates":[[70.653,40.937],[70.624,40.934],[70.552,41.015],[70.62,41.002],[70.653,40.937]]}},{"type":"Feature","properties":{"kind":"border","name":"Tajikistan"},"geometry":{"type":"LineString","coordinates":[[70.703,39.825],[70.613,39.786],[70.559,39.792],[70.483,39.884],[70.663,39.856],[70.703,39.825]]}},{"type":"Feature","properties":{"kind":"border","name":"Sri Lanka"},"geometry":{"type":"LineString","coordinates":[[79.969,9.63],[79.908,9.62],[79.858,9.686],[79.858,9.734],[79.89,9.741],[79.912,9.679],[79.969,9.63]]}},{"type":"Feature","properties":{"kind":"border","name":"Sri Lanka"},"geometry":{"type":"LineString","coordinates":[[79.876,9.05],[79.905,8.976],[79.822,9.026],[79.768,9.07],[79.746,9.104],[79.861,9.066],[79.876,9.05]]}},{"type":"Feature","properties":{"kind":"border","name":"Sri Lanka"},"geometry":{"type":"LineString","coordinates":[[79.984,9.813],[80.254,9.797],[80.376,9.642],[80.711,9.366],[80.895,9.085],[80.934,8.972],[81.017,8.932],[81.197,8.662],[81.226,8.505],[81.334,8.472],[81.373,8.431],[81.435,8.118],[81.665,7.783],[81.683,7.684],[81.831,7.429],[81.874,7.288],[81.863,6.901],[81.769,6.615],[81.636,6.426],[81.305,6.203],[80.725,5.979],[80.495,5.95],[80.268,6.009],[80.095,6.153],[79.858,6.83],[79.793,7.585],[79.707,8.066],[79.714,8.182],[79.75,8.294],[79.75,8.049],[79.782,8.019],[79.807,8.05],[79.851,8.412],[79.941,8.691],[79.93,8.899],[80.067,9.096],[80.099,9.21],[80.117,9.326],[80.085,9.578],[80.319,9.465],[80.427,9.481],[80.387,9.549],[80.257,9.611],[80.045,9.649],[79.955,9.743],[79.984,9.813]]}},{"type":"Feature","properties":{"kind":"border","name":"Somalia"},"geometry":{"type":"LineString","coordinates":[[41.532,-1.695],[41.521,-1.572],[40.977,-0.871],[40.977,2.842],[41.341,3.202],[41.917,4.032],[42.025,4.138],[42.227,4.202],[42.792,4.292],[42.896,4.361],[43.015,4.563],[43.127,4.644],[43.584,4.854],[44.027,4.952],[44.941,4.912],[46.165,6.235],[47.979,7.997],[48.937,9.451],[48.937,11.259],[49.387,11.342],[49.643,11.451],[50.111,11.529],[50.467,11.727],[50.636,11.944],[50.791,11.984],[51.256,11.831],[51.22,11.658],[51.137,11.505],[51.083,11.335],[51.122,11.076],[51.14,10.656],[51.094,10.488],[51.032,10.444],[51.065,10.434],[51.187,10.479],[51.194,10.554],[51.371,10.476],[51.385,10.387],[51.209,10.431],[50.932,10.335],[50.899,10.253],[50.834,9.71],[50.824,9.429],[50.687,9.241],[50.636,9.109],[50.431,8.846],[50.287,8.509],[50.104,8.2],[49.851,7.962],[49.761,7.66],[49.671,7.469],[49.347,6.99],[49.236,6.778],[49.092,6.408],[49.049,6.174],[48.649,5.495],[48.235,4.953],[47.976,4.497],[46.878,3.285],[46.05,2.474],[45.827,2.31],[44.919,1.81],[44.333,1.391],[43.469,0.622],[42.561,-0.322],[42.219,-0.737],[41.978,-0.973],[41.733,-1.43],[41.532,-1.695]]}},{"type":"Feature","properties":{"kind":"border","name":"Somaliland"},"geometry":{"type":"LineString","coordinates":[[48.937,11.259],[48.937,9.451],[47.979,7.997],[46.979,7.997],[44.023,8.986],[43.62,9.337],[43.483,9.38],[43.393,9.481],[43.303,9.609],[43.181,9.88],[43.069,9.925],[42.914,10.141],[42.842,10.203],[42.785,10.37],[42.655,10.601],[43.245,11.5],[43.44,11.347],[43.631,11.035],[43.854,10.785],[44.16,10.55],[44.387,10.431],[44.945,10.437],[45.337,10.649],[45.816,10.835],[46.46,10.734],[46.565,10.746],[46.975,10.925],[47.231,11.101],[47.403,11.174],[47.475,11.175],[47.713,11.113],[48.019,11.139],[48.573,11.321],[48.674,11.323],[48.937,11.259]]}},{"type":"Feature","properties":{"kind":"border","name":"Seychelles"},"geometry":{"type":"LineString","coordinates":[[55.54,-4.694],[55.543,-4.786],[55.385,-4.608],[55.457,-4.558],[55.54,-4.694]]}},{"type":"Feature","properties":{"kind":"border","name":"Saudi Arabia"},"geometry":{"type":"LineString","coordinates":[[51.979,18.996],[49.193,18.621],[49.041,18.581],[48.174,18.157],[47.58,17.449],[47.443,17.112],[47.144,16.947],[46.975,16.953],[46.727,17.265],[46.309,17.23],[45.535,17.302],[45.405,17.319],[45.236,17.406],[45.146,17.427],[44.747,17.432],[44.545,17.404],[44.156,17.399],[43.919,17.324],[43.713,17.366],[43.598,17.472],[43.418,17.517],[43.303,17.456],[43.191,17.359],[43.188,17.324],[43.238,17.267],[43.155,17.204],[43.116,16.942],[43.145,16.847],[43.184,16.812],[43.166,16.689],[43.105,16.665],[43.033,16.55],[42.799,16.371],[42.698,16.737],[42.554,16.868],[42.543,16.96],[42.385,17.123],[42.295,17.435],[42.054,17.67],[41.751,17.885],[41.507,18.256],[41.431,18.453],[41.229,18.678],[41.222,18.765],[41.118,19.083],[40.913,19.491],[40.79,19.647],[40.758,19.755],[40.617,19.822],[40.481,19.994],[40.081,20.267],[39.883,20.293],[39.728,20.39],[39.613,20.518],[39.491,20.737],[39.275,20.973],[39.095,21.31],[39.152,21.433],[39.149,21.518],[38.987,21.881],[39.033,22.204],[39.095,22.393],[39.062,22.593],[39.001,22.699],[39.008,22.77],[38.94,22.805],[38.882,22.883],[38.94,22.881],[38.796,23.048],[38.706,23.305],[38.465,23.713],[38.288,23.911],[37.921,24.185],[37.82,24.188],[37.712,24.275],[37.543,24.291],[37.179,24.82],[37.266,24.961],[37.219,25.15],[37.151,25.291],[36.92,25.641],[36.762,25.751],[36.675,26.039],[36.517,26.105],[36.251,26.594],[36.092,26.766],[36.031,26.881],[35.851,27.07],[35.765,27.259],[35.581,27.433],[35.423,27.733],[35.181,28.035],[35.077,28.087],[34.721,28.131],[34.623,28.065],[34.616,28.148],[34.778,28.508],[34.8,28.721],[34.951,29.353],[36.017,29.19],[36.067,29.2],[36.477,29.495],[36.704,29.832],[36.755,29.867],[37.471,29.995],[37.633,30.313],[37.979,30.5],[36.96,31.492],[38.961,31.995],[39.145,32.125],[40.369,31.94],[42.075,31.08],[42.857,30.495],[44.689,29.202],[46.356,29.063],[46.532,29.096],[47.432,28.99],[47.522,28.837],[47.583,28.627],[47.67,28.534],[48.444,28.542],[48.627,28.133],[48.807,27.896],[48.833,27.801],[48.797,27.725],[48.905,27.629],[49.236,27.492],[49.175,27.438],[49.405,27.181],[49.538,27.152],[49.718,26.956],[49.985,26.829],[50.15,26.662],[50.028,26.699],[50.01,26.678],[50.028,26.527],[50.186,26.405],[50.215,26.308],[50.154,26.1],[50.032,26.11],[50.24,25.622],[50.456,25.424],[50.557,25.086],[50.806,24.789],[50.856,24.68],[50.928,24.595],[51.094,24.565],[51.266,24.607],[51.338,24.565],[51.41,24.57],[51.418,24.53],[51.31,24.341],[51.569,24.286],[51.572,24.128],[51.594,24.079],[52.555,22.933],[55.104,22.621],[55.187,22.704],[55.64,22.001],[54.978,19.996],[51.979,18.996]]}},{"type":"Feature","properties":{"kind":"border","name":"Qatar"},"geometry":{"type":"LineString","coordinates":[[51.266,24.607],[51.094,24.565],[50.968,24.574],[50.856,24.68],[50.806,24.789],[50.845,24.888],[50.777,25.178],[50.755,25.4],[50.762,25.445],[50.87,25.612],[51.004,25.982],[51.108,26.081],[51.263,26.154],[51.389,26.011],[51.544,25.902],[51.572,25.78],[51.486,25.525],[51.601,25.148],[51.608,25.053],[51.587,24.964],[51.428,24.668],[51.266,24.607]]}},{"type":"Feature","properties":{"kind":"border","name":"Pakistan"},"geometry":{"type":"LineString","coordinates":[[76.765,35.662],[77.05,35.11],[76.999,34.992],[76.783,34.9],[76.697,34.787],[76.596,34.736],[76.456,34.755],[76.171,34.667],[76.042,34.67],[75.862,34.561],[75.711,34.504],[75.451,34.537],[75.189,34.639],[74.951,34.646],[74.299,34.766],[73.961,34.653],[73.795,34.379],[73.81,34.325],[73.925,34.288],[73.972,34.236],[73.979,34.191],[73.903,34.108],[73.903,34.075],[73.95,34.019],[74.209,34.004],[74.245,33.99],[74.253,33.946],[74.217,33.887],[74.001,33.788],[73.975,33.721],[74.004,33.632],[74.13,33.545],[74.152,33.507],[74.119,33.384],[73.993,33.242],[74.004,33.19],[74.127,33.075],[74.303,32.992],[74.332,32.861],[74.307,32.811],[74.353,32.769],[74.663,32.757],[74.645,32.608],[74.659,32.519],[74.685,32.493],[74.789,32.457],[74.987,32.462],[75.235,32.372],[75.333,32.28],[75.325,32.216],[75.253,32.141],[75.07,32.089],[74.739,31.948],[74.555,31.818],[74.512,31.712],[74.595,31.466],[74.519,31.186],[74.541,31.132],[74.609,31.113],[74.634,31.035],[74.382,30.893],[74.339,30.893],[74.008,30.52],[73.9,30.435],[73.882,30.353],[73.932,30.223],[73.81,30.093],[73.381,29.935],[73.23,29.551],[72.949,29.089],[72.903,29.028],[72.341,28.752],[72.291,28.697],[72.129,28.346],[71.949,28.178],[71.869,27.962],[71.542,27.87],[71.185,27.832],[70.876,27.714],[70.797,27.709],[70.692,27.77],[70.649,27.836],[70.627,27.938],[70.487,28.023],[70.404,28.025],[70.145,27.85],[69.896,27.473],[69.623,27.228],[69.536,27.122],[69.472,26.805],[69.508,26.742],[69.734,26.627],[69.911,26.586],[70.059,26.579],[70.149,26.506],[70.134,26.214],[70.077,26.072],[70.102,25.91],[70.264,25.707],[70.447,25.681],[70.57,25.706],[70.649,25.667],[70.653,25.423],[70.879,25.063],[71.049,24.688],[70.977,24.619],[70.969,24.572],[70.973,24.487],[71.045,24.43],[71.045,24.4],[70.984,24.36],[70.887,24.345],[70.804,24.261],[70.717,24.239],[70.581,24.279],[70.548,24.418],[70.491,24.412],[70.098,24.287],[70.023,24.192],[69.806,24.166],[69.716,24.173],[69.558,24.273],[69.119,24.268],[68.899,24.293],[68.827,24.265],[68.78,24.313],[68.726,24.266],[68.723,23.964],[68.489,23.968],[68.284,23.928],[68.165,23.857],[68.114,23.753],[68.035,23.848],[67.952,23.829],[67.859,23.902],[67.819,23.827],[67.668,23.812],[67.646,23.919],[67.564,23.881],[67.502,23.94],[67.477,24.018],[67.366,24.091],[67.308,24.174],[67.29,24.367],[67.171,24.756],[67.099,24.792],[66.703,24.86],[66.682,24.93],[66.71,25.112],[66.7,25.226],[66.57,25.379],[66.534,25.485],[66.43,25.575],[66.325,25.601],[66.217,25.589],[66.163,25.555],[66.131,25.494],[66.358,25.508],[66.469,25.445],[66.235,25.464],[65.882,25.419],[65.681,25.355],[65.407,25.374],[65.062,25.312],[64.777,25.308],[64.658,25.185],[64.543,25.237],[64.151,25.334],[64.126,25.374],[64.061,25.404],[63.989,25.351],[63.935,25.343],[63.722,25.386],[63.557,25.353],[63.496,25.298],[63.492,25.211],[63.172,25.254],[63.017,25.225],[62.664,25.265],[62.574,25.254],[62.39,25.152],[62.315,25.134],[62.2,25.225],[62.088,25.155],[61.908,25.131],[61.742,25.138],[61.566,25.187],[61.616,25.286],[61.663,25.751],[61.753,25.843],[61.811,26.166],[61.843,26.226],[62.088,26.318],[62.128,26.369],[62.239,26.357],[62.311,26.49],[62.441,26.561],[62.635,26.594],[62.75,26.64],[63.092,26.633],[63.157,26.65],[63.186,26.838],[63.251,26.879],[63.244,27.077],[63.305,27.124],[63.301,27.152],[63.258,27.207],[63.168,27.252],[62.916,27.218],[62.761,27.251],[62.765,27.357],[62.812,27.497],[62.74,28.002],[62.758,28.244],[62.563,28.235],[62.354,28.416],[61.89,28.546],[61.624,28.792],[61.339,29.264],[61.318,29.372],[60.842,29.858],[62.477,29.409],[63.568,29.499],[64.1,29.391],[64.172,29.461],[64.392,29.544],[64.522,29.565],[65.094,29.56],[66.232,29.865],[66.314,29.969],[66.246,30.044],[66.239,30.11],[66.282,30.193],[66.307,30.322],[66.286,30.608],[66.347,30.803],[66.397,30.912],[66.595,31.02],[66.732,31.195],[66.829,31.264],[66.923,31.306],[67.027,31.301],[67.117,31.243],[67.286,31.217],[67.452,31.235],[67.736,31.344],[67.733,31.379],[67.596,31.454],[67.578,31.507],[67.628,31.539],[67.74,31.549],[68.017,31.677],[68.161,31.802],[68.442,31.754],[68.597,31.802],[68.672,31.759],[68.784,31.646],[68.87,31.634],[68.975,31.667],[69.083,31.738],[69.281,31.936],[69.241,32.434],[69.407,32.683],[69.403,32.764],[69.454,32.834],[69.5,33.019],[69.569,33.065],[69.922,33.113],[70.26,33.288],[70.285,33.368],[70.134,33.62],[69.868,33.898],[69.889,34.007],[69.994,34.052],[70.325,33.96],[70.653,33.952],[70.847,33.981],[71.052,34.049],[71.092,34.12],[71.095,34.37],[71.023,34.431],[70.966,34.53],[71.067,34.599],[71.113,34.681],[71.293,34.868],[71.455,34.967],[71.621,35.182],[71.545,35.288],[71.545,35.328],[71.599,35.408],[71.571,35.547],[71.52,35.597],[71.427,35.833],[71.344,35.939],[71.221,36.0],[71.185,36.042],[71.232,36.122],[71.621,36.436],[71.772,36.432],[71.823,36.486],[72.096,36.634],[72.157,36.701],[72.622,36.83],[73.119,36.868],[73.77,36.889],[74.04,36.826],[74.602,37.037],[74.692,37.037],[74.89,36.953],[75.055,36.988],[75.145,36.974],[75.347,36.913],[75.423,36.738],[75.459,36.726],[75.574,36.759],[75.667,36.741],[75.772,36.695],[75.883,36.601],[75.934,36.521],[75.973,36.382],[75.97,36.169],[75.905,36.089],[75.912,36.049],[75.945,36.017],[76.071,35.983],[76.146,35.828],[76.251,35.811],[76.553,35.887],[76.564,35.773],[76.765,35.662]]}},{"type":"Feature","properties":{"kind":"border","name":"Oman"},"geometry":{"type":"LineString","coordinates":[[58.722,20.218],[58.639,20.211],[58.643,20.338],[58.787,20.496],[58.884,20.68],[58.952,20.517],[58.834,20.425],[58.772,20.267],[58.722,20.218]]}},{"type":"Feature","properties":{"kind":"border","name":"Oman"},"geometry":{"type":"LineString","coordinates":[[53.084,16.649],[52.8,17.269],[52.728,17.3],[51.979,18.996],[54.978,19.996],[55.64,22.001],[55.187,22.704],[55.201,23.034],[55.507,23.725],[55.532,23.819],[55.518,23.886],[55.468,23.942],[55.547,23.992],[55.986,24.063],[55.993,24.093],[55.928,24.214],[55.759,24.242],[55.806,24.35],[55.77,24.49],[55.806,24.683],[55.795,24.869],[55.871,24.952],[55.918,24.971],[56.0,24.954],[56.018,24.907],[55.972,24.858],[56.065,24.739],[56.267,24.867],[56.353,24.973],[56.389,24.98],[56.49,24.716],[56.641,24.47],[56.911,24.15],[57.124,23.98],[57.221,23.923],[57.61,23.803],[58.121,23.716],[58.326,23.624],[58.578,23.643],[58.772,23.517],[58.83,23.397],[58.913,23.334],[58.985,23.235],[59.032,23.131],[59.194,22.971],[59.431,22.661],[59.536,22.579],[59.824,22.51],[59.838,22.421],[59.798,22.22],[59.68,22.053],[59.651,21.951],[59.518,21.782],[59.37,21.499],[59.305,21.435],[59.068,21.289],[58.895,21.112],[58.69,20.807],[58.474,20.407],[58.348,20.387],[58.211,20.425],[58.247,20.6],[58.171,20.59],[58.103,20.571],[57.862,20.244],[57.714,19.678],[57.811,19.017],[57.674,18.958],[57.178,18.902],[56.958,18.828],[56.825,18.753],[56.656,18.588],[56.551,18.166],[56.382,17.987],[56.27,17.951],[55.615,17.887],[55.478,17.843],[55.255,17.586],[55.237,17.505],[55.295,17.381],[55.277,17.321],[55.172,17.158],[55.064,17.04],[54.773,16.965],[54.568,17.031],[54.067,17.005],[53.956,16.918],[53.776,16.855],[53.61,16.76],[53.297,16.724],[53.084,16.649]]}},{"type":"Feature","properties":{"kind":"border","name":"Oman"},"geometry":{"type":"LineString","coordinates":[[56.299,25.65],[56.249,25.626],[56.184,25.645],[56.144,25.69],[56.166,26.048],[56.08,26.063],[56.166,26.207],[56.198,26.23],[56.306,26.235],[56.378,26.357],[56.429,26.327],[56.418,26.108],[56.375,25.805],[56.306,25.709],[56.299,25.65]]}},{"type":"Feature","properties":{"kind":"border","name":"Oman"},"geometry":{"type":"LineString","coordinates":[[56.281,25.235],[56.209,25.213],[56.234,25.305],[56.278,25.301],[56.281,25.235]]}},{"type":"Feature","properties":{"kind":"border","name":"Nepal"},"geometry":{"type":"LineString","coordinates":[[88.109,27.87],[88.149,27.843],[88.149,27.749],[88.023,27.409],[87.983,27.134],[87.994,27.086],[88.113,26.928],[88.156,26.808],[88.163,26.725],[88.055,26.43],[87.994,26.383],[87.85,26.436],[87.634,26.398],[87.414,26.423],[87.288,26.36],[87.09,26.433],[87.015,26.556],[86.763,26.442],[86.701,26.435],[86.367,26.574],[86.007,26.65],[85.855,26.6],[85.794,26.605],[85.737,26.64],[85.701,26.782],[85.647,26.829],[85.567,26.839],[85.294,26.74],[85.193,26.766],[85.125,26.862],[85.02,26.879],[84.685,27.041],[84.653,27.091],[84.642,27.251],[84.61,27.299],[84.091,27.492],[83.897,27.435],[83.829,27.377],[83.447,27.466],[83.382,27.445],[83.368,27.41],[83.289,27.37],[82.734,27.52],[82.677,27.674],[82.45,27.673],[81.989,27.914],[81.852,27.867],[81.312,28.176],[81.168,28.336],[80.751,28.541],[80.589,28.65],[80.517,28.666],[80.481,28.605],[80.419,28.612],[80.07,28.83],[80.052,28.87],[80.131,29.101],[80.232,29.195],[80.254,29.424],[80.319,29.572],[80.401,29.73],[80.614,29.955],[80.909,30.172],[81.01,30.164],[81.111,30.037],[81.175,30.04],[81.255,30.093],[81.417,30.337],[81.643,30.388],[81.856,30.362],[82.043,30.327],[82.158,30.115],[82.219,30.065],[82.486,29.941],[82.853,29.683],[83.015,29.619],[83.155,29.613],[83.353,29.44],[83.584,29.183],[83.67,29.188],[83.937,29.28],[84.102,29.219],[84.228,28.912],[84.797,28.56],[84.855,28.554],[85.071,28.61],[85.161,28.593],[85.089,28.372],[85.121,28.317],[85.409,28.277],[85.679,28.277],[85.841,28.136],[85.953,27.928],[85.996,27.91],[86.064,27.935],[86.079,28.084],[86.136,28.115],[86.219,28.021],[86.41,27.929],[86.518,27.964],[86.554,28.086],[86.615,28.103],[86.691,28.094],[86.752,28.021],[87.022,27.929],[87.141,27.839],[87.623,27.815],[87.861,27.886],[88.109,27.87]]}},{"type":"Feature","properties":{"kind":"border","name":"Maldives"},"geometry":{"type":"LineString","coordinates":[[73.417,3.231],[73.381,3.247],[73.385,3.271],[73.428,3.29],[73.443,3.275],[73.417,3.231]]}},{"type":"Feature","properties":{"kind":"border","name":"Maldives"},"geometry":{"type":"LineString","coordinates":[[73.511,4.165],[73.471,4.171],[73.518,4.247],[73.511,4.165]]}},{"type":"Feature","properties":{"kind":"border","name":"Malaysia"},"geometry":{"type":"LineString","coordinates":[[99.849,6.466],[99.917,6.358],[99.867,6.297],[99.824,6.313],[99.744,6.264],[99.705,6.337],[99.658,6.367],[99.647,6.419],[99.748,6.41],[99.849,6.466]]}},{"type":"Feature","properties":{"kind":"border","name":"Kyrgyzstan"},"geometry":{"type":"LineString","coordinates":[[70.959,40.239],[71.304,40.286],[71.52,40.208],[71.628,40.217],[71.693,40.153],[71.844,40.234],[71.956,40.259],[72.013,40.34],[72.132,40.439],[72.233,40.455],[72.255,40.423],[72.359,40.401],[72.406,40.463],[72.37,40.519],[72.402,40.578],[72.604,40.526],[72.679,40.555],[72.773,40.651],[73.137,40.811],[73.133,40.828],[72.989,40.861],[72.867,40.842],[72.831,40.863],[72.658,40.87],[72.507,40.982],[72.363,41.043],[72.186,41.026],[72.165,41.173],[72.114,41.187],[72.053,41.165],[71.88,41.194],[71.859,41.311],[71.794,41.413],[71.7,41.455],[71.697,41.515],[71.664,41.541],[71.603,41.503],[71.621,41.436],[71.585,41.333],[71.499,41.307],[71.419,41.342],[71.394,41.123],[71.301,41.153],[71.11,41.153],[70.782,41.262],[70.735,41.401],[70.689,41.449],[70.645,41.46],[70.473,41.413],[70.177,41.54],[70.181,41.571],[70.455,41.725],[70.631,41.875],[70.804,41.923],[70.858,42.031],[71.229,42.163],[71.214,42.206],[71.038,42.284],[70.948,42.248],[70.894,42.293],[70.894,42.34],[71.002,42.46],[71.023,42.536],[71.167,42.668],[71.257,42.734],[71.423,42.783],[71.513,42.767],[71.815,42.823],[72.276,42.758],[72.751,42.639],[72.856,42.56],[73.284,42.505],[73.41,42.42],[73.493,42.409],[73.421,42.593],[73.558,43.003],[73.612,43.048],[73.885,43.133],[73.95,43.196],[74.145,43.194],[74.188,43.205],[74.209,43.241],[74.818,42.979],[75.365,42.837],[75.635,42.814],[75.79,42.934],[76.51,42.918],[76.989,42.974],[77.237,42.913],[77.802,42.896],[78.022,42.857],[78.526,42.864],[78.886,42.776],[79.127,42.776],[79.167,42.758],[79.203,42.666],[79.429,42.484],[79.491,42.458],[79.923,42.413],[80.211,42.191],[80.247,42.061],[80.218,42.033],[79.84,41.996],[79.768,41.899],[79.354,41.781],[79.293,41.783],[78.742,41.561],[78.364,41.371],[78.346,41.281],[78.123,41.076],[77.817,41.055],[77.583,40.993],[76.985,41.04],[76.909,41.024],[76.823,40.982],[76.661,40.779],[76.578,40.578],[76.481,40.45],[76.319,40.352],[76.258,40.43],[76.157,40.377],[76.006,40.371],[75.873,40.304],[75.678,40.305],[75.585,40.606],[75.52,40.628],[75.243,40.481],[75.005,40.45],[74.865,40.493],[74.836,40.482],[74.8,40.429],[74.843,40.345],[74.832,40.328],[74.681,40.311],[74.411,40.137],[73.993,40.043],[73.835,39.8],[73.839,39.762],[73.882,39.715],[73.907,39.578],[73.824,39.489],[73.716,39.462],[73.471,39.46],[73.234,39.375],[73.108,39.363],[72.564,39.377],[72.359,39.337],[72.229,39.208],[72.042,39.352],[71.779,39.278],[71.725,39.307],[71.733,39.424],[71.545,39.453],[71.502,39.479],[71.517,39.554],[71.47,39.604],[71.067,39.493],[71.005,39.411],[70.8,39.394],[70.732,39.413],[70.609,39.564],[70.501,39.587],[70.246,39.543],[70.17,39.585],[70.138,39.557],[69.958,39.554],[69.598,39.575],[69.464,39.533],[69.299,39.524],[69.281,39.667],[69.23,39.76],[69.277,39.918],[69.306,39.969],[69.432,39.91],[69.475,39.92],[69.468,40.021],[69.529,40.097],[69.968,40.203],[70.451,40.048],[70.516,39.95],[70.624,39.998],[70.645,40.083],[70.739,40.132],[70.948,40.187],[70.959,40.239]]}},{"type":"Feature","properties":{"kind":"border","name":"Kyrgyzstan"},"geometry":{"type":"LineString","coordinates":[[71.207,39.892],[71.178,39.979],[71.229,40.048],[71.081,40.08],[71.023,40.149],[70.977,40.134],[70.973,40.038],[71.045,39.993],[71.013,39.896],[71.207,39.892]]}},{"type":"Feature","properties":{"kind":"border","name":"Kyrgyzstan"},"geometry":{"type":"LineString","coordinates":[[71.779,39.95],[71.79,39.995],[71.682,39.969],[71.668,39.946],[71.754,39.908],[71.779,39.95]]}},{"type":"Feature","properties":{"kind":"border","name":"Kyrgyzstan"},"geometry":{"type":"LineString","coordinates":[[70.703,39.825],[70.663,39.856],[70.483,39.884],[70.559,39.792],[70.613,39.786],[70.703,39.825]]}},{"type":"Feature","properties":{"kind":"border","name":"Kuwait"},"geometry":{"type":"LineString","coordinates":[[48.275,29.624],[48.181,29.612],[48.08,29.799],[48.185,29.98],[48.347,29.784],[48.339,29.695],[48.275,29.624]]}},{"type":"Feature","properties":{"kind":"border","name":"Kuwait"},"geometry":{"type":"LineString","coordinates":[[48.444,28.542],[47.67,28.534],[47.583,28.627],[47.522,28.837],[47.432,28.99],[46.532,29.096],[46.77,29.348],[46.907,29.537],[47.148,30.001],[47.331,30.08],[47.645,30.098],[47.753,30.077],[47.979,29.983],[48.005,29.836],[48.138,29.619],[48.145,29.572],[47.969,29.617],[47.724,29.417],[47.724,29.393],[47.846,29.365],[47.997,29.386],[48.051,29.355],[48.185,28.98],[48.339,28.763],[48.444,28.542]]}},{"type":"Feature","properties":{"kind":"border","name":"Kazakhstan"},"geometry":{"type":"LineString","coordinates":[[70.948,42.248],[70.714,42.168],[70.584,42.036],[70.541,42.04],[70.491,42.08],[70.415,42.078],[70.224,41.946],[70.095,41.821],[69.961,41.753],[69.662,41.672],[69.4,41.541],[69.367,41.491],[69.155,41.425],[69.065,41.366],[69.043,41.264],[68.986,41.205],[68.737,41.041],[68.582,40.877],[68.557,40.765],[68.6,40.66],[68.572,40.623],[68.413,40.62],[68.161,40.722],[68.046,40.809],[68.114,41.029],[67.934,41.196],[67.805,41.165],[67.736,41.187],[66.815,41.142],[66.71,41.179],[66.538,41.741],[66.498,41.995],[66.008,42.005],[66.016,42.314],[66.102,42.991],[65.803,42.876],[65.497,43.31],[65.27,43.418],[64.907,43.715],[64.442,43.552],[63.208,43.628],[61.991,43.493],[61.159,44.168],[61.098,44.248],[61.066,44.349],[61.008,44.394],[58.556,45.555],[57.476,45.338],[55.975,44.994],[55.979,41.323],[55.547,41.262],[55.435,41.297],[55.248,41.458],[54.953,41.811],[54.902,41.92],[54.856,41.965],[54.679,42.078],[54.121,42.335],[53.686,42.297],[53.056,42.147],[52.872,42.061],[52.494,41.781],[52.462,42.1],[52.62,42.429],[52.638,42.555],[52.598,42.76],[52.552,42.805],[52.494,42.821],[52.274,42.8],[52.184,42.869],[52.076,42.88],[51.961,42.85],[51.9,42.869],[51.702,43.104],[51.616,43.158],[51.295,43.173],[51.302,43.482],[51.065,43.75],[50.831,44.192],[50.687,44.265],[50.33,44.326],[50.276,44.356],[50.255,44.461],[50.298,44.581],[50.41,44.625],[50.86,44.628],[51.05,44.531],[51.176,44.501],[51.378,44.541],[51.544,44.531],[51.432,44.602],[51.31,44.619],[51.22,44.71],[51.058,44.812],[51.022,44.854],[51.011,44.921],[51.04,44.98],[51.155,45.04],[51.248,45.121],[51.295,45.23],[51.418,45.357],[51.54,45.343],[51.734,45.399],[52.426,45.404],[52.912,45.319],[53.077,45.307],[53.2,45.331],[53.084,45.408],[52.836,45.496],[52.775,45.572],[52.886,45.779],[53.041,45.968],[53.135,46.192],[53.11,46.414],[53.063,46.475],[53.077,46.548],[53.171,46.67],[53.07,46.855],[52.915,46.954],[52.678,46.958],[52.483,46.991],[52.339,46.895],[52.138,46.829],[52.087,46.84],[52.012,46.902],[51.745,46.933],[51.616,47.031],[51.176,47.111],[50.921,47.041],[50.582,46.883],[50.42,46.88],[50.305,46.795],[49.887,46.595],[49.347,46.519],[49.362,46.411],[49.286,46.437],[49.207,46.385],[49.232,46.336],[48.584,46.578],[48.509,46.651],[48.501,46.699],[48.559,46.756],[48.606,46.765],[48.775,46.71],[48.883,46.706],[48.951,46.725],[48.959,46.774],[48.602,47.262],[48.167,47.709],[48.109,47.746],[47.483,47.803],[47.292,47.741],[47.202,47.793],[47.094,47.947],[47.119,48.128],[47.065,48.232],[47.004,48.284],[46.853,48.324],[46.662,48.413],[46.608,48.574],[46.701,48.805],[46.853,48.97],[46.961,49.038],[47.033,49.15],[47.018,49.201],[46.853,49.303],[46.802,49.367],[46.824,49.503],[46.889,49.697],[46.993,49.853],[47.249,50.001],[47.295,50.058],[47.295,50.218],[47.328,50.274],[47.504,50.402],[47.598,50.414],[47.706,50.378],[47.85,50.282],[48.224,49.932],[48.336,49.859],[48.433,49.829],[48.761,49.928],[48.843,50.013],[48.699,50.353],[48.667,50.55],[48.624,50.612],[48.807,50.602],[49.322,50.852],[49.423,51.027],[49.499,51.084],[49.823,51.131],[49.931,51.197],[50.248,51.289],[50.755,51.675],[50.795,51.73],[51.162,51.647],[51.27,51.595],[51.302,51.497],[51.346,51.475],[51.608,51.484],[52.008,51.673],[52.22,51.709],[52.332,51.681],[52.498,51.511],[52.57,51.482],[52.735,51.497],[53.038,51.464],[53.246,51.494],[53.336,51.482],[53.534,51.4],[53.689,51.253],[53.956,51.161],[54.139,51.041],[54.42,50.78],[54.47,50.584],[54.557,50.536],[54.636,50.591],[54.65,50.661],[54.607,50.879],[54.546,50.945],[54.575,50.991],[54.643,51.011],[54.866,50.942],[55.36,50.666],[55.543,50.602],[55.687,50.583],[55.799,50.602],[56.051,50.713],[56.144,50.845],[56.49,51.02],[56.62,50.98],[56.85,51.046],[57.012,51.065],[57.178,51.036],[57.444,50.888],[57.653,50.925],[57.764,51.046],[57.84,51.091],[58.358,51.063],[58.549,50.971],[58.884,50.694],[59.453,50.621],[59.525,50.583],[59.5,50.511],[59.525,50.492],[59.752,50.544],[59.813,50.583],[59.957,50.8],[60.058,50.85],[60.112,50.834],[60.288,50.704],[60.425,50.68],[60.637,50.664],[60.943,50.695],[61.228,50.775],[61.39,50.86],[61.465,50.991],[61.512,51.136],[61.584,51.23],[61.555,51.324],[61.364,51.442],[61.015,51.492],[60.972,51.537],[60.464,51.652],[60.389,51.773],[60.281,51.834],[60.068,51.89],[60.029,51.933],[60.065,51.977],[60.234,52.025],[60.425,52.126],[60.67,52.15],[60.936,52.28],[60.994,52.338],[60.979,52.395],[60.821,52.57],[60.774,52.676],[60.803,52.744],[61.048,52.973],[61.4,52.996],[61.973,52.944],[62.084,53.006],[62.081,53.058],[62.016,53.108],[61.768,53.174],[61.66,53.228],[61.436,53.239],[61.199,53.287],[61.163,53.338],[61.184,53.407],[61.228,53.445],[61.31,53.466],[61.4,53.456],[61.498,53.485],[61.534,53.523],[61.472,53.581],[61.249,53.551],[60.979,53.622],[60.986,53.657],[61.112,53.754],[61.112,53.883],[61.145,53.964],[61.231,54.02],[61.332,54.049],[61.93,53.947],[61.987,53.954],[62.041,54.002],[62.498,54.013],[62.632,54.068],[63.074,54.105],[63.19,54.171],[63.413,54.183],[63.701,54.244],[63.848,54.237],[64.003,54.266],[64.198,54.348],[64.46,54.384],[64.651,54.351],[64.928,54.397],[65.087,54.341],[65.159,54.364],[65.238,54.516],[65.476,54.624],[65.706,54.619],[65.915,54.693],[65.954,54.659],[66.221,54.667],[67.099,54.789],[67.258,54.829],[67.693,54.872],[67.83,54.943],[68.154,54.976],[68.208,55.002],[68.244,55.053],[68.204,55.16],[68.525,55.206],[68.712,55.308],[68.978,55.39],[69.493,55.357],[69.742,55.308],[69.983,55.199],[70.181,55.162],[70.372,55.212],[70.487,55.282],[70.739,55.304],[70.912,55.127],[71.185,54.6],[71.16,54.539],[71.153,54.364],[71.052,54.261],[71.092,54.213],[71.337,54.159],[71.679,54.178],[71.887,54.221],[72.006,54.206],[72.067,54.232],[72.107,54.308],[72.186,54.325],[72.269,54.272],[72.388,54.122],[72.406,53.964],[72.445,53.942],[72.586,53.996],[72.6,54.023],[72.564,54.091],[72.622,54.134],[72.913,54.107],[73.119,53.98],[73.23,53.957],[73.381,53.963],[73.507,53.999],[73.619,54.067],[73.666,54.063],[73.713,54.042],[73.716,53.996],[73.68,53.93],[73.399,53.812],[73.306,53.707],[73.284,53.598],[73.363,53.506],[73.371,53.454],[73.407,53.447],[73.644,53.575],[73.86,53.621],[74.069,53.612],[74.209,53.577],[74.353,53.487],[74.404,53.504],[74.451,53.647],[74.836,53.825],[75.052,53.827],[75.221,53.893],[75.376,53.97],[75.397,54.068],[75.437,54.089],[75.693,54.115],[76.265,54.311],[76.495,54.336],[76.758,54.436],[76.837,54.442],[76.791,54.322],[76.704,54.183],[76.654,54.145],[76.423,54.152],[76.423,54.114],[76.485,54.023],[76.575,53.942],[77.705,53.379],[77.86,53.27],[78.475,52.638],[79.469,51.494],[79.987,50.775],[80.067,50.758],[80.085,50.839],[80.221,50.912],[80.423,50.947],[80.452,50.997],[80.423,51.136],[80.448,51.183],[80.607,51.225],[80.65,51.277],[80.736,51.293],[80.877,51.282],[80.967,51.19],[81.129,51.192],[81.139,51.147],[81.071,50.968],[81.125,50.947],[81.388,50.956],[81.453,50.824],[81.431,50.772],[81.467,50.741],[81.935,50.767],[82.097,50.711],[82.327,50.742],[82.493,50.728],[82.612,50.772],[82.759,50.893],[83.019,50.897],[83.159,50.989],[83.357,50.994],[83.717,50.886],[83.944,50.775],[84.001,50.676],[84.174,50.52],[84.257,50.287],[84.322,50.239],[84.606,50.202],[84.84,50.091],[84.988,50.062],[84.999,50.01],[84.973,49.951],[85.002,49.893],[85.233,49.616],[85.29,49.6],[85.373,49.624],[85.935,49.55],[85.974,49.499],[86.179,49.499],[86.291,49.588],[86.417,49.638],[86.611,49.768],[86.676,49.777],[86.73,49.749],[86.73,49.695],[86.615,49.61],[86.626,49.564],[86.716,49.558],[86.813,49.487],[87.0,49.288],[87.234,49.216],[87.324,49.086],[87.047,49.11],[86.885,49.091],[86.809,49.05],[86.752,49.008],[86.73,48.939],[86.759,48.86],[86.719,48.697],[86.55,48.529],[86.266,48.454],[85.751,48.385],[85.625,48.204],[85.524,47.916],[85.585,47.494],[85.668,47.338],[85.657,47.255],[85.485,47.064],[85.233,47.036],[85.013,46.909],[84.786,46.831],[84.747,46.864],[84.718,46.939],[84.667,46.972],[84.34,46.996],[84.016,46.97],[83.713,47.02],[83.091,47.21],[83.029,47.185],[82.975,46.966],[82.691,46.387],[82.554,46.159],[82.511,46.006],[82.317,45.595],[82.327,45.52],[82.612,45.425],[82.623,45.293],[82.597,45.217],[82.522,45.126],[82.479,45.123],[82.266,45.218],[81.989,45.161],[81.867,45.182],[81.791,45.225],[81.759,45.31],[81.69,45.349],[81.604,45.31],[80.855,45.13],[80.635,45.126],[80.059,45.007],[79.872,44.883],[79.876,44.861],[79.998,44.796],[80.254,44.809],[80.455,44.746],[80.481,44.715],[80.38,44.656],[80.391,44.626],[80.355,44.552],[80.337,44.439],[80.365,44.224],[80.355,44.097],[80.43,43.951],[80.495,43.892],[80.65,43.564],[80.704,43.427],[80.664,43.354],[80.668,43.31],[80.729,43.274],[80.787,43.161],[80.779,43.119],[80.751,43.102],[80.617,43.128],[80.391,43.043],[80.383,42.974],[80.545,42.911],[80.538,42.873],[80.25,42.797],[80.203,42.734],[80.16,42.625],[80.257,42.236],[80.211,42.191],[79.923,42.413],[79.491,42.458],[79.429,42.484],[79.203,42.666],[79.167,42.758],[79.127,42.776],[78.886,42.776],[78.526,42.864],[78.022,42.857],[77.802,42.896],[77.237,42.913],[76.989,42.974],[76.51,42.918],[75.79,42.934],[75.635,42.814],[75.365,42.837],[74.818,42.979],[74.209,43.241],[74.188,43.205],[74.145,43.194],[73.95,43.196],[73.885,43.133],[73.612,43.048],[73.558,43.003],[73.421,42.593],[73.493,42.409],[73.41,42.42],[73.284,42.505],[72.856,42.56],[72.751,42.639],[72.276,42.758],[71.761,42.821],[71.513,42.767],[71.423,42.783],[71.257,42.734],[71.023,42.536],[71.002,42.46],[70.894,42.34],[70.894,42.293],[70.948,42.248]]}},{"type":"Feature","properties":{"kind":"border","name":"Iraq"},"geometry":{"type":"LineString","coordinates":[[42.36,37.109],[42.457,37.129],[42.774,37.372],[42.936,37.325],[43.094,37.368],[43.515,37.245],[43.677,37.227],[43.836,37.224],[44.012,37.314],[44.113,37.302],[44.192,37.25],[44.203,37.052],[44.246,36.983],[44.282,36.978],[44.606,37.175],[44.732,37.165],[44.765,37.142],[44.797,37.064],[44.88,36.799],[45.02,36.698],[45.053,36.472],[45.114,36.41],[45.207,36.398],[45.24,36.356],[45.362,36.016],[45.485,36.009],[45.56,35.978],[45.647,35.929],[45.722,35.837],[45.776,35.821],[46.169,35.821],[46.273,35.773],[46.262,35.745],[46.039,35.674],[45.996,35.608],[45.974,35.478],[46.111,35.321],[46.154,35.196],[46.133,35.127],[45.92,35.028],[45.679,34.799],[45.661,34.613],[45.636,34.573],[45.499,34.582],[45.499,34.533],[45.438,34.415],[45.528,34.285],[45.542,34.216],[45.528,34.153],[45.398,33.971],[45.474,33.926],[45.737,33.603],[45.823,33.625],[45.881,33.61],[45.895,33.545],[45.873,33.492],[45.981,33.471],[46.021,33.415],[46.147,33.229],[46.14,33.174],[46.082,33.087],[46.111,32.957],[46.377,32.929],[46.568,32.834],[47.123,32.467],[47.285,32.474],[47.371,32.424],[47.511,32.151],[47.591,32.087],[47.828,31.794],[47.681,31.4],[47.681,31.002],[48.012,30.99],[48.015,30.466],[48.149,30.417],[48.181,30.355],[48.332,30.285],[48.401,30.188],[48.386,30.16],[48.433,30.037],[48.545,29.962],[48.455,29.938],[48.073,30.044],[47.983,30.011],[47.979,29.983],[47.673,30.096],[47.331,30.08],[47.223,30.042],[47.148,30.001],[47.101,29.94],[46.907,29.537],[46.77,29.348],[46.532,29.096],[46.356,29.063],[44.718,29.193],[42.857,30.495],[42.075,31.08],[40.369,31.94],[39.145,32.125],[39.293,32.243],[39.246,32.351],[39.041,32.306],[38.983,32.473],[39.059,32.493],[38.774,33.372],[40.689,34.332],[40.934,34.387],[40.988,34.429],[41.193,34.769],[41.215,35.288],[41.247,35.427],[41.355,35.641],[41.352,35.809],[41.244,36.073],[41.294,36.384],[41.417,36.514],[41.787,36.597],[42.349,37.061],[42.36,37.109]]}},{"type":"Feature","properties":{"kind":"border","name":"Iran"},"geometry":{"type":"LineString","coordinates":[[56.188,26.921],[56.094,26.801],[55.954,26.7],[55.849,26.732],[55.424,26.582],[55.313,26.593],[55.295,26.64],[55.295,26.657],[55.349,26.648],[55.763,26.811],[55.784,26.857],[55.759,26.947],[55.907,26.91],[56.072,26.983],[56.213,27.002],[56.281,26.952],[56.188,26.921]]}},{"type":"Feature","properties":{"kind":"border","name":"Iran"},"geometry":{"type":"LineString","coordinates":[[53.916,37.344],[54.193,37.332],[54.701,37.471],[54.744,37.502],[54.848,37.722],[54.899,37.778],[55.075,37.903],[55.381,38.05],[55.579,38.099],[56.27,38.08],[56.296,38.095],[56.324,38.191],[56.44,38.25],[56.67,38.257],[56.908,38.214],[57.192,38.217],[57.307,38.13],[57.354,37.974],[57.98,37.83],[58.11,37.783],[58.261,37.665],[58.387,37.635],[58.549,37.688],[58.65,37.651],[58.816,37.684],[59.302,37.51],[59.345,37.444],[59.366,37.333],[59.456,37.254],[59.561,37.179],[59.95,37.042],[60.061,36.964],[60.342,36.637],[61.12,36.642],[61.17,36.573],[61.159,36.432],[61.213,36.099],[61.152,35.978],[61.206,35.943],[61.253,35.868],[61.26,35.762],[61.235,35.705],[61.278,35.514],[61.188,35.313],[61.102,35.273],[61.148,35.094],[61.069,34.922],[61.08,34.856],[60.958,34.71],[60.95,34.653],[60.803,34.554],[60.738,34.545],[60.727,34.518],[60.889,34.32],[60.644,34.308],[60.486,34.094],[60.526,33.842],[60.486,33.712],[60.511,33.639],[60.572,33.589],[60.655,33.561],[60.907,33.538],[60.918,33.505],[60.716,33.323],[60.562,33.137],[60.576,32.995],[60.828,32.249],[60.788,31.986],[60.792,31.66],[60.821,31.495],[61.66,31.382],[61.757,31.285],[61.814,31.073],[61.811,30.914],[61.786,30.832],[60.842,29.858],[61.318,29.372],[61.339,29.264],[61.624,28.792],[61.89,28.546],[62.354,28.416],[62.563,28.235],[62.75,28.252],[62.74,28.002],[62.812,27.497],[62.765,27.357],[62.761,27.251],[62.916,27.218],[63.168,27.252],[63.258,27.207],[63.305,27.124],[63.244,27.077],[63.251,26.879],[63.186,26.838],[63.157,26.65],[63.092,26.633],[62.75,26.64],[62.635,26.594],[62.441,26.561],[62.311,26.49],[62.239,26.357],[62.128,26.369],[62.088,26.318],[61.843,26.226],[61.811,26.166],[61.753,25.843],[61.663,25.751],[61.616,25.286],[61.588,25.202],[61.534,25.195],[61.411,25.102],[60.662,25.282],[60.616,25.331],[60.587,25.414],[60.511,25.437],[60.4,25.312],[60.025,25.384],[59.896,25.362],[59.82,25.4],[59.615,25.404],[59.456,25.482],[59.226,25.428],[59.046,25.417],[58.798,25.555],[58.531,25.593],[58.204,25.591],[58.024,25.641],[57.937,25.692],[57.797,25.654],[57.732,25.725],[57.336,25.791],[57.206,26.037],[57.203,26.159],[57.106,26.372],[57.073,26.68],[57.037,26.801],[56.911,26.994],[56.814,27.089],[56.728,27.127],[56.357,27.2],[56.119,27.143],[55.943,27.037],[55.651,26.978],[55.59,26.933],[55.518,26.831],[55.424,26.77],[55.295,26.785],[55.154,26.725],[54.895,26.556],[54.758,26.506],[54.643,26.509],[54.521,26.589],[54.247,26.697],[54.071,26.732],[53.822,26.707],[53.707,26.726],[53.506,26.851],[53.455,26.943],[52.984,27.141],[52.692,27.324],[52.638,27.391],[52.602,27.494],[52.476,27.617],[52.192,27.718],[52.03,27.824],[51.59,27.863],[51.277,28.131],[51.277,28.219],[51.094,28.513],[51.061,28.726],[51.022,28.782],[50.867,28.87],[50.842,28.928],[50.878,29.004],[50.878,29.063],[50.795,29.117],[50.676,29.146],[50.647,29.212],[50.669,29.339],[50.651,29.421],[50.168,29.921],[50.071,30.198],[49.985,30.209],[49.556,30.028],[49.43,30.131],[49.027,30.334],[49.002,30.374],[49.049,30.398],[49.095,30.407],[49.189,30.375],[49.247,30.412],[49.225,30.473],[49.131,30.509],[49.002,30.506],[49.038,30.45],[48.915,30.398],[48.89,30.327],[48.919,30.12],[48.869,30.063],[48.833,30.035],[48.671,30.028],[48.545,29.962],[48.433,30.037],[48.386,30.16],[48.401,30.188],[48.332,30.285],[48.181,30.355],[48.149,30.417],[48.015,30.466],[48.012,30.99],[47.681,31.002],[47.681,31.4],[47.828,31.794],[47.591,32.087],[47.511,32.151],[47.371,32.424],[47.285,32.474],[47.123,32.467],[46.568,32.834],[46.377,32.929],[46.111,32.957],[46.082,33.087],[46.14,33.174],[46.147,33.229],[46.021,33.415],[45.981,33.471],[45.873,33.492],[45.895,33.545],[45.881,33.61],[45.823,33.625],[45.737,33.603],[45.474,33.926],[45.398,33.971],[45.528,34.153],[45.542,34.216],[45.528,34.285],[45.438,34.415],[45.499,34.533],[45.499,34.582],[45.636,34.573],[45.661,34.613],[45.679,34.799],[45.92,35.028],[46.133,35.127],[46.154,35.196],[46.111,35.321],[45.974,35.478],[45.996,35.608],[46.039,35.674],[46.262,35.745],[46.273,35.773],[46.169,35.821],[45.776,35.821],[45.722,35.837],[45.647,35.929],[45.56,35.978],[45.485,36.009],[45.362,36.016],[45.24,36.356],[45.207,36.398],[45.085,36.431],[45.031,36.526],[45.02,36.698],[44.88,36.799],[44.765,37.135],[44.757,37.217],[44.793,37.29],[44.574,37.436],[44.577,37.561],[44.545,37.658],[44.588,37.71],[44.336,37.872],[44.225,37.88],[44.21,37.908],[44.268,38.038],[44.351,38.146],[44.379,38.255],[44.451,38.335],[44.3,38.387],[44.297,38.557],[44.257,38.701],[44.271,38.837],[44.171,38.934],[44.145,38.995],[44.178,39.144],[44.081,39.219],[44.023,39.377],[44.124,39.404],[44.336,39.396],[44.39,39.422],[44.455,39.667],[44.588,39.769],[44.783,39.651],[44.819,39.651],[45.143,39.255],[45.337,39.139],[45.481,39.007],[45.575,38.972],[46.169,38.87],[46.316,38.913],[46.554,38.904],[46.853,39.149],[46.989,39.18],[47.187,39.34],[47.475,39.498],[47.774,39.649],[47.893,39.686],[47.997,39.684],[48.321,39.399],[48.134,39.312],[48.105,39.241],[48.127,39.172],[48.275,39.099],[48.293,39.019],[48.242,38.979],[48.051,38.936],[47.994,38.884],[47.997,38.854],[48.023,38.819],[48.206,38.724],[48.26,38.642],[48.419,38.587],[48.591,38.411],[48.635,38.399],[48.869,38.436],[48.901,38.144],[48.959,37.891],[49.081,37.668],[49.171,37.601],[49.373,37.519],[49.981,37.444],[50.129,37.406],[50.215,37.34],[50.338,37.149],[50.532,37.014],[50.928,36.811],[51.119,36.743],[51.763,36.615],[52.192,36.622],[53.768,36.931],[53.916,36.931],[53.826,36.882],[53.678,36.853],[53.768,36.818],[53.97,36.818],[54.017,36.849],[54.024,36.901],[53.916,37.344]]}},{"type":"Feature","properties":{"kind":"border","name":"Indonesia"},"geometry":{"type":"LineString","coordinates":[[97.48,1.466],[97.7,1.185],[97.786,1.146],[97.934,0.975],[97.901,0.884],[97.876,0.629],[97.822,0.565],[97.685,0.596],[97.602,0.834],[97.462,0.942],[97.404,0.947],[97.296,1.188],[97.08,1.426],[97.246,1.424],[97.325,1.481],[97.358,1.54],[97.48,1.466]]}},{"type":"Feature","properties":{"kind":"border","name":"Indonesia"},"geometry":{"type":"LineString","coordinates":[[99.165,-1.779],[99.071,-1.784],[98.873,-1.664],[98.826,-1.61],[98.816,-1.537],[98.603,-1.197],[98.675,-0.97],[98.87,-0.916],[98.934,-0.954],[98.956,-1.057],[99.064,-1.241],[99.129,-1.385],[99.132,-1.442],[99.266,-1.628],[99.273,-1.739],[99.165,-1.779]]}},{"type":"Feature","properties":{"kind":"border","name":"Indonesia"},"geometry":{"type":"LineString","coordinates":[[96.494,5.229],[96.616,5.221],[96.843,5.275],[96.969,5.269],[97.192,5.207],[97.451,5.236],[97.548,5.205],[97.707,5.04],[97.908,4.881],[97.998,4.662],[98.247,4.415],[98.272,4.322],[98.24,4.195],[98.308,4.092],[98.657,3.927],[98.704,3.835],[98.78,3.759],[99.15,3.582],[99.734,3.183],[99.906,2.988],[100.126,2.648],[100.306,2.466],[100.526,2.19],[100.605,2.138],[100.684,2.12],[100.889,1.948],[100.878,2.051],[100.817,2.139],[100.828,2.242],[100.878,2.283],[100.936,2.294],[101.048,2.257],[101.3,2.013],[101.404,1.757],[101.476,1.693],[101.685,1.662],[101.786,1.622],[102.099,1.358],[102.156,1.259],[102.239,0.99],[102.39,0.843],[102.47,0.78],[102.567,0.749],[102.848,0.716],[102.948,0.664],[103.031,0.579],[103.067,0.492],[103.006,0.416],[102.786,0.297],[102.549,0.216],[102.894,0.278],[103.337,0.514],[103.478,0.48],[103.672,0.289],[103.744,0.174],[103.787,0.047],[103.427,-0.192],[103.413,-0.241],[103.445,-0.272],[103.406,-0.362],[103.496,-0.418],[103.51,-0.466],[103.431,-0.534],[103.438,-0.576],[103.532,-0.755],[103.722,-0.886],[104.061,-1.022],[104.198,-1.055],[104.36,-1.039],[104.381,-1.074],[104.478,-1.6],[104.518,-1.699],[104.514,-1.819],[104.568,-1.921],[104.792,-2.041],[104.846,-2.093],[104.828,-2.234],[104.648,-2.43],[104.63,-2.543],[104.651,-2.595],[104.698,-2.598],[104.878,-2.419],[104.972,-2.371],[105.285,-2.357],[105.396,-2.379],[105.584,-2.492],[105.9,-2.888],[106.044,-3.107],[106.059,-3.218],[105.9,-3.411],[105.843,-3.614],[105.85,-3.73],[105.929,-3.832],[105.832,-4.162],[105.886,-4.555],[105.886,-5.009],[105.818,-5.676],[105.749,-5.818],[105.62,-5.799],[105.522,-5.673],[105.35,-5.549],[105.08,-5.746],[104.64,-5.52],[104.619,-5.641],[104.684,-5.893],[104.601,-5.905],[104.068,-5.386],[103.83,-5.079],[103.406,-4.817],[103.139,-4.596],[102.92,-4.471],[102.538,-4.152],[102.372,-3.97],[102.128,-3.6],[101.818,-3.378],[101.577,-3.168],[101.307,-2.728],[101.12,-2.588],[100.889,-2.249],[100.85,-2.143],[100.857,-1.935],[100.486,-1.3],[100.392,-1.102],[100.31,-0.827],[99.86,-0.314],[99.669,0.046],[99.597,0.103],[99.334,0.209],[99.237,0.268],[99.158,0.351],[98.798,1.495],[98.704,1.702],[98.596,1.865],[98.085,2.195],[98.006,2.238],[97.797,2.283],[97.7,2.358],[97.592,2.846],[97.39,2.976],[96.969,3.575],[96.8,3.709],[96.526,3.766],[96.443,3.816],[96.231,4.073],[95.99,4.263],[95.579,4.662],[95.432,4.865],[95.208,5.283],[95.248,5.41],[95.226,5.565],[95.28,5.592],[95.396,5.629],[95.738,5.58],[96.026,5.351],[96.134,5.294],[96.494,5.229]]}},{"type":"Feature","properties":{"kind":"border","name":"Indonesia"},"geometry":{"type":"LineString","coordinates":[[100.205,-2.741],[100.133,-2.822],[100.014,-2.82],[99.993,-2.77],[99.996,-2.649],[99.968,-2.61],[99.989,-2.525],[100.011,-2.51],[100.202,-2.68],[100.205,-2.741]]}},{"type":"Feature","properties":{"kind":"border","name":"Indonesia"},"geometry":{"type":"LineString","coordinates":[[99.842,-2.343],[99.849,-2.369],[99.608,-2.258],[99.539,-2.161],[99.572,-2.025],[99.622,-2.017],[99.687,-2.063],[99.842,-2.343]]}},{"type":"Feature","properties":{"kind":"border","name":"Indonesia"},"geometry":{"type":"LineString","coordinates":[[98.459,-0.531],[98.398,-0.577],[98.308,-0.532],[98.427,-0.227],[98.322,-0.001],[98.373,0.008],[98.416,-0.017],[98.546,-0.258],[98.459,-0.531]]}},{"type":"Feature","properties":{"kind":"border","name":"Indonesia"},"geometry":{"type":"LineString","coordinates":[[96.465,2.36],[96.4,2.351],[96.342,2.372],[96.292,2.429],[96.022,2.596],[95.939,2.598],[95.882,2.641],[95.81,2.655],[95.716,2.827],[95.774,2.855],[95.806,2.915],[95.896,2.889],[95.997,2.782],[96.101,2.742],[96.18,2.662],[96.418,2.514],[96.465,2.36]]}},{"type":"Feature","properties":{"kind":"border","name":"Indonesia"},"geometry":{"type":"LineString","coordinates":[[97.336,2.075],[97.329,2.053],[97.224,2.158],[97.109,2.218],[97.156,2.231],[97.293,2.2],[97.329,2.148],[97.336,2.075]]}},{"type":"Feature","properties":{"kind":"border","name":"Indonesia"},"geometry":{"type":"LineString","coordinates":[[95.363,5.813],[95.342,5.785],[95.284,5.799],[95.219,5.889],[95.241,5.907],[95.36,5.877],[95.363,5.813]]}},{"type":"Feature","properties":{"kind":"border","name":"India"},"geometry":{"type":"LineString","coordinates":[[68.165,23.857],[68.284,23.928],[68.381,23.951],[68.723,23.964],[68.726,24.266],[68.78,24.313],[68.827,24.265],[68.899,24.293],[69.119,24.268],[69.558,24.273],[69.716,24.173],[69.806,24.166],[70.023,24.192],[70.098,24.287],[70.491,24.412],[70.548,24.418],[70.581,24.279],[70.717,24.239],[70.804,24.261],[70.887,24.345],[70.984,24.36],[71.045,24.4],[71.045,24.43],[70.973,24.487],[70.969,24.572],[70.977,24.619],[71.049,24.688],[70.879,25.063],[70.653,25.423],[70.649,25.667],[70.57,25.706],[70.447,25.681],[70.264,25.707],[70.102,25.91],[70.077,26.072],[70.134,26.214],[70.149,26.506],[70.059,26.579],[69.911,26.586],[69.734,26.627],[69.508,26.742],[69.472,26.805],[69.536,27.122],[69.623,27.228],[69.896,27.473],[70.145,27.85],[70.404,28.025],[70.487,28.023],[70.627,27.938],[70.649,27.836],[70.692,27.77],[70.797,27.709],[70.876,27.714],[71.185,27.832],[71.542,27.87],[71.869,27.962],[71.949,28.178],[72.129,28.346],[72.291,28.697],[72.341,28.752],[72.903,29.028],[72.949,29.089],[73.23,29.551],[73.381,29.935],[73.81,30.093],[73.932,30.223],[73.882,30.353],[73.9,30.435],[74.008,30.52],[74.339,30.893],[74.382,30.893],[74.634,31.035],[74.609,31.113],[74.541,31.132],[74.519,31.186],[74.595,31.466],[74.512,31.712],[74.555,31.818],[74.739,31.948],[75.07,32.089],[75.253,32.141],[75.325,32.216],[75.333,32.28],[75.235,32.372],[74.987,32.462],[74.789,32.457],[74.685,32.493],[74.659,32.519],[74.645,32.608],[74.663,32.757],[74.353,32.769],[74.307,32.811],[74.332,32.861],[74.303,32.992],[74.127,33.075],[74.004,33.19],[73.993,33.242],[74.119,33.384],[74.152,33.507],[74.13,33.545],[74.004,33.632],[73.975,33.721],[74.001,33.788],[74.217,33.887],[74.253,33.946],[74.245,33.99],[74.209,34.004],[73.95,34.019],[73.903,34.075],[73.903,34.108],[73.979,34.191],[73.972,34.236],[73.925,34.288],[73.81,34.325],[73.795,34.379],[73.961,34.653],[74.299,34.766],[74.951,34.646],[75.189,34.639],[75.451,34.537],[75.711,34.504],[75.862,34.561],[76.042,34.67],[76.171,34.667],[76.456,34.755],[76.596,34.736],[76.697,34.787],[76.783,34.9],[76.999,34.992],[77.05,35.11],[77.799,35.497],[77.896,35.45],[78.011,35.49],[78.043,35.479],[78.011,35.25],[78.281,34.655],[78.328,34.606],[78.67,34.518],[78.936,34.353],[78.969,34.302],[78.972,34.228],[78.753,34.087],[78.727,34.014],[78.785,33.809],[78.803,33.5],[78.947,33.346],[79.113,33.226],[79.134,33.172],[79.102,33.052],[79.109,33.023],[79.203,32.947],[79.235,32.703],[79.221,32.5],[79.127,32.476],[79.066,32.388],[78.918,32.358],[78.771,32.467],[78.702,32.598],[78.414,32.558],[78.389,32.519],[78.497,32.216],[78.735,31.959],[78.688,31.806],[78.695,31.74],[78.803,31.618],[78.727,31.473],[78.76,31.436],[78.742,31.323],[78.792,31.294],[78.846,31.301],[78.9,31.332],[78.972,31.329],[79.012,31.414],[79.044,31.426],[79.105,31.403],[79.339,31.106],[79.494,30.993],[79.566,30.948],[79.793,30.967],[80.081,30.782],[80.149,30.79],[80.193,30.759],[80.193,30.568],[80.682,30.415],[80.985,30.237],[81.01,30.164],[80.909,30.172],[80.848,30.139],[80.549,29.9],[80.401,29.73],[80.254,29.424],[80.232,29.195],[80.131,29.101],[80.085,28.994],[80.052,28.87],[80.07,28.83],[80.419,28.612],[80.481,28.605],[80.517,28.666],[80.589,28.65],[80.751,28.541],[81.168,28.336],[81.312,28.176],[81.852,27.867],[81.989,27.914],[82.45,27.673],[82.677,27.674],[82.734,27.52],[83.289,27.37],[83.368,27.41],[83.382,27.445],[83.447,27.466],[83.829,27.377],[83.897,27.435],[84.091,27.492],[84.61,27.299],[84.642,27.251],[84.653,27.091],[84.685,27.041],[85.02,26.879],[85.125,26.862],[85.175,26.782],[85.24,26.751],[85.294,26.74],[85.567,26.839],[85.647,26.829],[85.701,26.782],[85.737,26.64],[85.794,26.605],[85.855,26.6],[86.007,26.65],[86.367,26.574],[86.701,26.435],[86.763,26.442],[87.015,26.556],[87.09,26.433],[87.288,26.36],[87.414,26.423],[87.634,26.398],[87.85,26.436],[87.994,26.383],[88.055,26.43],[88.163,26.725],[88.113,26.928],[87.994,27.086],[87.983,27.134],[88.023,27.409],[88.149,27.749],[88.149,27.843],[88.098,27.905],[88.141,27.949],[88.426,28.011],[88.577,28.093],[88.62,28.093],[88.804,28.008],[88.847,27.869],[88.75,27.521],[88.764,27.429],[88.89,27.317],[88.761,27.218],[88.739,27.176],[88.836,27.065],[88.858,26.961],[89.149,26.817],[89.333,26.848],[89.585,26.778],[89.61,26.763],[89.61,26.719],[89.765,26.702],[90.122,26.754],[90.204,26.848],[90.345,26.89],[90.561,26.796],[90.741,26.772],[91.133,26.803],[91.288,26.791],[91.428,26.867],[91.457,26.867],[91.518,26.808],[91.673,26.803],[91.842,26.853],[91.997,26.855],[92.051,26.876],[92.073,26.916],[92.069,26.975],[91.994,27.1],[92.03,27.214],[92.084,27.291],[91.99,27.45],[91.742,27.443],[91.594,27.558],[91.58,27.612],[91.634,27.759],[91.979,27.73],[92.102,27.808],[92.249,27.841],[92.415,27.825],[92.548,27.879],[92.663,27.949],[92.688,27.988],[92.688,28.025],[92.645,28.061],[92.703,28.146],[92.883,28.228],[93.12,28.402],[93.207,28.591],[93.254,28.629],[93.664,28.69],[93.761,28.73],[93.974,28.86],[94.013,28.907],[94.017,28.959],[94.11,28.976],[94.294,29.145],[94.467,29.216],[94.622,29.313],[94.733,29.252],[94.769,29.176],[95.0,29.15],[95.28,29.049],[95.388,29.037],[95.518,29.152],[95.514,29.207],[95.709,29.313],[96.036,29.447],[96.13,29.381],[96.234,29.245],[96.357,29.249],[96.339,29.211],[96.123,29.082],[96.137,28.922],[96.162,28.91],[96.346,29.027],[96.436,29.051],[96.468,29.023],[96.476,28.959],[96.58,28.764],[96.396,28.606],[96.328,28.525],[96.328,28.469],[96.281,28.412],[96.389,28.369],[96.429,28.407],[96.602,28.461],[96.774,28.367],[96.98,28.337],[97.077,28.369],[97.322,28.218],[97.304,28.086],[97.34,28.03],[97.336,27.938],[97.307,27.907],[97.224,27.89],[96.962,27.699],[96.875,27.587],[96.9,27.44],[97.102,27.164],[97.102,27.115],[97.037,27.101],[96.954,27.133],[96.879,27.178],[96.8,27.296],[96.731,27.332],[96.666,27.339],[96.191,27.261],[96.062,27.218],[95.907,27.046],[95.464,26.756],[95.129,26.598],[95.061,26.475],[95.05,26.348],[95.068,26.192],[95.133,26.041],[95.014,25.912],[94.992,25.77],[94.946,25.7],[94.787,25.52],[94.668,25.459],[94.578,25.32],[94.553,25.216],[94.676,25.138],[94.708,25.049],[94.586,24.766],[94.398,24.515],[94.294,24.322],[94.128,23.876],[94.074,23.872],[93.682,24.006],[93.495,23.973],[93.354,24.074],[93.326,24.063],[93.308,24.022],[93.416,23.681],[93.365,23.133],[93.308,23.03],[93.254,23.015],[93.164,23.032],[93.164,22.907],[93.077,22.718],[93.164,22.36],[93.153,22.23],[93.12,22.206],[93.07,22.209],[92.966,22.004],[92.908,21.989],[92.854,22.01],[92.721,22.133],[92.688,22.131],[92.631,22.011],[92.573,21.978],[92.49,22.685],[92.361,22.93],[92.336,23.324],[92.246,23.683],[92.188,23.676],[92.152,23.721],[92.044,23.678],[91.929,23.687],[91.94,23.504],[91.788,23.36],[91.756,23.287],[91.774,23.107],[91.752,23.053],[91.619,22.98],[91.554,22.992],[91.511,23.034],[91.436,23.201],[91.371,23.199],[91.367,23.074],[91.317,23.105],[91.256,23.374],[91.166,23.581],[91.162,23.661],[91.23,23.921],[91.335,24.018],[91.367,24.093],[91.526,24.091],[91.727,24.206],[91.774,24.211],[91.846,24.174],[91.878,24.195],[91.95,24.357],[92.066,24.374],[92.102,24.409],[92.228,24.772],[92.228,24.881],[92.253,24.895],[92.444,24.85],[92.487,24.904],[92.469,24.944],[92.206,25.11],[92.051,25.169],[91.479,25.141],[91.292,25.178],[90.438,25.157],[89.833,25.292],[89.797,25.376],[89.826,25.56],[89.801,25.839],[89.823,25.942],[89.671,26.214],[89.617,26.216],[89.585,26.187],[89.592,26.072],[89.549,26.006],[89.466,25.983],[89.369,26.006],[89.185,26.107],[89.11,26.202],[89.103,26.308],[89.067,26.377],[89.02,26.41],[88.951,26.412],[88.923,26.376],[88.98,26.285],[88.969,26.251],[88.829,26.252],[88.681,26.292],[88.681,26.353],[88.62,26.431],[88.419,26.572],[88.368,26.565],[88.35,26.483],[88.437,26.436],[88.44,26.369],[88.152,26.088],[88.084,25.888],[88.149,25.812],[88.253,25.789],[88.365,25.699],[88.501,25.537],[88.595,25.496],[88.768,25.49],[88.822,25.365],[88.944,25.291],[88.951,25.259],[88.89,25.195],[88.818,25.176],[88.455,25.188],[88.372,24.961],[88.314,24.881],[88.149,24.914],[88.023,24.628],[88.145,24.485],[88.224,24.461],[88.285,24.48],[88.397,24.39],[88.498,24.346],[88.642,24.326],[88.725,24.275],[88.699,24.003],[88.566,23.675],[88.595,23.602],[88.739,23.437],[88.703,23.293],[88.725,23.254],[88.93,23.187],[88.851,23.041],[88.901,22.843],[88.919,22.631],[89.049,22.275],[89.052,22.093],[89.027,21.937],[88.948,21.939],[89.02,21.834],[89.052,21.654],[88.908,21.654],[88.858,21.744],[88.833,21.661],[88.746,21.584],[88.696,21.662],[88.692,21.734],[88.739,22.006],[88.707,22.057],[88.66,22.067],[88.642,22.123],[88.566,21.833],[88.599,21.715],[88.584,21.659],[88.447,21.614],[88.289,21.758],[88.253,21.623],[88.123,21.636],[88.055,21.694],[88.181,22.032],[88.195,22.14],[87.994,22.265],[87.94,22.374],[87.961,22.254],[88.159,22.123],[88.051,22.001],[87.947,21.826],[87.825,21.727],[87.677,21.654],[87.202,21.544],[87.101,21.501],[86.953,21.366],[86.86,21.237],[86.842,21.107],[86.896,20.966],[86.939,20.746],[86.975,20.701],[86.763,20.419],[86.752,20.314],[86.5,20.171],[86.377,20.006],[86.295,20.053],[86.244,20.053],[86.313,19.987],[86.28,19.92],[86.215,19.895],[85.575,19.692],[85.495,19.697],[85.56,19.753],[85.557,19.867],[85.503,19.888],[85.459,19.895],[85.247,19.758],[85.164,19.621],[85.182,19.595],[85.369,19.678],[85.438,19.657],[85.441,19.626],[85.225,19.508],[84.772,19.126],[84.75,19.05],[84.689,18.965],[84.106,18.293],[83.656,18.071],[83.199,17.609],[82.975,17.461],[82.594,17.274],[82.36,17.097],[82.281,16.935],[82.36,16.783],[82.327,16.665],[82.259,16.56],[82.14,16.486],[81.762,16.329],[81.402,16.366],[81.287,16.336],[81.24,16.264],[81.132,15.961],[81.031,15.882],[80.977,15.758],[80.866,15.783],[80.826,15.765],[80.783,15.868],[80.646,15.895],[80.383,15.793],[80.293,15.711],[80.103,15.324],[80.052,15.074],[80.178,14.479],[80.171,14.349],[80.113,14.212],[80.142,14.059],[80.225,13.857],[80.247,13.686],[80.308,13.486],[80.265,13.521],[80.157,13.713],[80.063,13.606],[80.113,13.529],[80.29,13.437],[80.344,13.361],[80.229,12.691],[80.142,12.451],[79.98,12.236],[79.858,11.989],[79.753,11.575],[79.793,11.446],[79.692,11.312],[79.8,11.338],[79.836,11.269],[79.84,10.323],[79.667,10.3],[79.53,10.33],[79.39,10.306],[79.314,10.257],[79.253,10.175],[79.257,10.035],[78.997,9.682],[78.94,9.566],[78.918,9.453],[79.019,9.333],[79.275,9.285],[79.357,9.252],[79.411,9.193],[79.213,9.255],[78.979,9.269],[78.421,9.104],[78.274,8.99],[78.191,8.891],[78.137,8.663],[78.126,8.511],[78.061,8.384],[77.77,8.189],[77.586,8.13],[77.518,8.078],[77.302,8.146],[77.064,8.316],[76.553,8.903],[76.47,9.162],[76.402,9.236],[76.326,9.451],[76.243,9.927],[76.283,9.91],[76.344,9.828],[76.373,9.707],[76.377,9.54],[76.42,9.521],[76.459,9.536],[76.348,9.922],[76.222,10.024],[76.197,10.087],[76.2,10.201],[75.923,10.785],[75.725,11.361],[75.523,11.703],[75.315,11.958],[75.196,12.057],[74.944,12.564],[74.868,12.845],[74.771,13.078],[74.681,13.507],[74.67,13.668],[74.609,13.85],[74.497,14.047],[74.382,14.495],[73.95,15.074],[73.885,15.307],[73.803,15.397],[73.932,15.397],[73.77,15.573],[73.831,15.659],[73.734,15.658],[73.68,15.71],[73.608,15.871],[73.475,16.053],[73.338,16.46],[73.241,17.199],[73.147,17.527],[73.155,17.621],[72.993,18.098],[72.917,18.576],[72.874,18.644],[72.899,18.779],[73.007,19.02],[72.971,19.154],[72.899,19.015],[72.834,18.975],[72.802,19.079],[72.795,19.253],[72.813,19.3],[72.989,19.277],[72.787,19.362],[72.755,19.451],[72.798,19.52],[72.726,19.578],[72.669,19.831],[72.708,20.078],[72.881,20.564],[72.895,20.673],[72.813,21.117],[72.751,21.13],[72.694,21.178],[72.625,21.373],[72.733,21.472],[72.615,21.461],[72.809,21.619],[73.111,21.751],[72.841,21.687],[72.543,21.697],[72.593,21.878],[72.701,21.971],[72.521,21.977],[72.553,22.161],[72.629,22.199],[72.809,22.234],[72.589,22.279],[72.456,22.248],[72.183,22.27],[72.305,22.188],[72.276,22.09],[72.244,22.027],[72.161,21.985],[72.096,21.919],[72.039,21.822],[72.172,21.774],[72.211,21.728],[72.258,21.661],[72.255,21.531],[72.078,21.223],[72.017,21.156],[71.571,20.97],[71.398,20.869],[71.023,20.739],[70.879,20.715],[70.721,20.741],[70.483,20.84],[70.033,21.178],[69.749,21.506],[69.191,21.992],[69.007,22.197],[68.971,22.291],[68.982,22.385],[69.05,22.437],[69.13,22.416],[69.194,22.336],[69.277,22.286],[69.551,22.409],[69.655,22.404],[69.727,22.465],[69.817,22.452],[70.005,22.548],[70.177,22.572],[70.44,22.97],[70.512,23.003],[70.491,23.089],[70.433,23.077],[70.339,22.94],[70.253,22.971],[70.12,22.947],[69.85,22.857],[69.738,22.775],[69.666,22.76],[69.238,22.848],[68.816,23.053],[68.64,23.19],[68.417,23.572],[68.453,23.629],[68.777,23.852],[68.496,23.747],[68.424,23.706],[68.345,23.617],[68.233,23.596],[68.165,23.857]]}},{"type":"Feature","properties":{"kind":"border","name":"India"},"geometry":{"type":"LineString","coordinates":[[93.891,6.832],[93.83,6.748],[93.711,7.0],[93.657,7.016],[93.657,7.136],[93.686,7.184],[93.822,7.236],[93.858,7.207],[93.93,6.974],[93.891,6.832]]}},{"type":"Feature","properties":{"kind":"border","name":"India"},"geometry":{"type":"LineString","coordinates":[[93.732,7.356],[93.639,7.262],[93.596,7.32],[93.614,7.358],[93.653,7.38],[93.693,7.41],[93.732,7.356]]}},{"type":"Feature","properties":{"kind":"border","name":"India"},"geometry":{"type":"LineString","coordinates":[[93.142,8.25],[93.171,8.212],[93.117,8.219],[93.063,8.274],[93.077,8.328],[93.099,8.349],[93.142,8.25]]}},{"type":"Feature","properties":{"kind":"border","name":"India"},"geometry":{"type":"LineString","coordinates":[[93.444,7.879],[93.365,7.877],[93.311,7.964],[93.333,8.007],[93.376,8.017],[93.434,7.948],[93.444,7.879]]}},{"type":"Feature","properties":{"kind":"border","name":"India"},"geometry":{"type":"LineString","coordinates":[[93.538,8.057],[93.477,8.024],[93.455,8.172],[93.495,8.224],[93.531,8.214],[93.513,8.16],[93.538,8.057]]}},{"type":"Feature","properties":{"kind":"border","name":"India"},"geometry":{"type":"LineString","coordinates":[[92.789,9.137],[92.742,9.13],[92.717,9.165],[92.714,9.205],[92.76,9.243],[92.786,9.241],[92.811,9.174],[92.789,9.137]]}},{"type":"Feature","properties":{"kind":"border","name":"India"},"geometry":{"type":"LineString","coordinates":[[92.501,10.556],[92.472,10.521],[92.368,10.547],[92.379,10.651],[92.354,10.752],[92.447,10.866],[92.512,10.898],[92.573,10.705],[92.501,10.556]]}},{"type":"Feature","properties":{"kind":"border","name":"India"},"geometry":{"type":"LineString","coordinates":[[92.692,11.382],[92.645,11.361],[92.595,11.387],[92.634,11.427],[92.642,11.509],[92.688,11.463],[92.692,11.382]]}},{"type":"Feature","properties":{"kind":"border","name":"India"},"geometry":{"type":"LineString","coordinates":[[92.724,11.536],[92.699,11.512],[92.667,11.538],[92.577,11.719],[92.534,11.873],[92.566,11.93],[92.609,11.95],[92.678,12.193],[92.696,12.215],[92.789,12.226],[92.778,12.302],[92.721,12.357],[92.721,12.542],[92.76,12.668],[92.739,12.779],[92.807,12.878],[92.832,13.003],[92.811,13.04],[92.861,13.231],[92.858,13.357],[92.926,13.486],[93.063,13.545],[93.077,13.401],[93.016,13.337],[93.074,13.252],[93.066,13.222],[93.005,13.09],[92.951,13.062],[92.886,12.943],[92.966,12.851],[92.991,12.538],[92.933,12.453],[92.865,12.436],[92.868,12.182],[92.746,11.993],[92.796,11.918],[92.796,11.875],[92.764,11.639],[92.724,11.536]]}},{"type":"Feature","properties":{"kind":"border","name":"India"},"geometry":{"type":"LineString","coordinates":[[93.016,12.036],[93.063,11.899],[92.984,11.96],[92.955,12.002],[92.994,12.031],[93.016,12.036]]}},{"type":"Feature","properties":{"kind":"border","name":"India"},"geometry":{"type":"LineString","coordinates":[[92.717,12.864],[92.685,12.8],[92.681,12.939],[92.696,12.956],[92.71,12.962],[92.732,12.948],[92.717,12.864]]}},{"type":"Feature","properties":{"kind":"border","name":"India"},"geometry":{"type":"LineString","coordinates":[[72.78,11.203],[72.791,11.262],[72.78,11.203]]}},{"type":"Feature","properties":{"kind":"border","name":"India"},"geometry":{"type":"LineString","coordinates":[[73.068,8.269],[73.029,8.254],[73.025,8.276],[73.057,8.274],[73.079,8.316],[73.068,8.269]]}},{"type":"Feature","properties":{"kind":"border","name":"Ethiopia"},"geometry":{"type":"LineString","coordinates":[[35.268,5.492],[35.081,5.674],[34.983,5.858],[34.958,6.045],[34.71,6.66],[34.562,6.78],[34.483,6.898],[34.278,7.004],[34.065,7.226],[34.022,7.368],[33.903,7.509],[33.666,7.67],[33.227,7.761],[33.083,7.823],[33.014,7.868],[33.014,7.952],[33.234,8.396],[33.281,8.438],[33.954,8.443],[34.094,8.582],[34.08,9.514],[34.159,9.854],[34.31,10.191],[34.274,10.528],[34.433,10.788],[34.573,10.88],[34.771,10.746],[34.818,10.759],[34.933,10.865],[34.926,10.962],[34.969,11.161],[34.962,11.276],[35.113,11.816],[35.253,11.956],[35.595,12.538],[35.671,12.623],[35.822,12.686],[36.107,12.727],[36.125,12.757],[36.161,13.094],[36.211,13.271],[36.391,13.627],[36.449,13.842],[36.445,13.988],[36.524,14.257],[36.679,14.307],[36.812,14.316],[37.025,14.272],[37.064,14.29],[37.133,14.406],[37.187,14.446],[37.259,14.455],[37.352,14.373],[37.507,14.156],[37.572,14.149],[37.885,14.852],[38.004,14.738],[38.22,14.649],[38.432,14.429],[38.814,14.482],[38.997,14.587],[39.023,14.628],[39.073,14.628],[39.134,14.581],[39.199,14.479],[39.271,14.47],[39.53,14.536],[39.757,14.5],[39.894,14.441],[40.142,14.456],[40.221,14.43],[40.524,14.225],[40.819,14.111],[41.121,13.736],[41.363,13.5],[41.625,13.314],[41.766,13.184],[41.953,12.882],[42.133,12.771],[42.378,12.467],[41.996,11.913],[41.791,11.686],[41.766,11.588],[41.766,11.413],[41.798,10.981],[41.957,10.941],[42.309,11.005],[42.558,11.082],[42.655,11.078],[42.785,11.009],[42.921,11.0],[42.655,10.601],[42.785,10.37],[42.842,10.203],[42.914,10.141],[43.069,9.925],[43.181,9.88],[43.303,9.609],[43.483,9.38],[43.62,9.337],[43.983,9.009],[46.979,7.997],[47.979,7.997],[46.165,6.235],[44.941,4.912],[43.991,4.95],[43.537,4.841],[43.127,4.644],[43.015,4.563],[42.857,4.325],[42.792,4.292],[42.227,4.202],[42.025,4.138],[41.885,3.978],[41.319,3.943],[41.139,3.962],[40.765,4.273],[40.013,3.948],[39.843,3.851],[39.656,3.579],[39.537,3.469],[39.494,3.455],[39.224,3.48],[38.609,3.599],[38.227,3.618],[38.087,3.648],[36.906,4.412],[36.024,4.467],[35.977,4.504],[35.919,4.62],[35.765,4.808],[35.757,4.95],[35.801,5.157],[35.79,5.278],[35.747,5.344],[35.469,5.419],[35.325,5.365],[35.264,5.412],[35.268,5.492]]}},{"type":"Feature","properties":{"kind":"border","name":"China"},"geometry":{"type":"LineString","coordinates":[[107.974,21.508],[107.801,21.645],[107.758,21.656],[107.639,21.614],[107.47,21.598],[107.434,21.642],[107.351,21.609],[107.272,21.711],[107.178,21.716],[107.063,21.794],[106.97,21.925],[106.926,21.919],[106.728,22.001],[106.664,21.978],[106.653,22.242],[106.635,22.289],[106.552,22.341],[106.552,22.501],[106.581,22.574],[106.703,22.638],[106.779,22.779],[106.541,22.909],[106.278,22.857],[106.149,22.97],[106.001,22.975],[105.962,22.937],[105.843,22.923],[105.692,23.03],[105.548,23.072],[105.494,23.181],[105.44,23.235],[105.274,23.345],[105.188,23.28],[104.864,23.136],[104.828,23.1],[104.795,22.911],[104.687,22.822],[104.525,22.805],[104.37,22.704],[104.298,22.713],[104.212,22.81],[104.144,22.8],[104.054,22.753],[103.992,22.586],[103.942,22.541],[103.913,22.537],[103.622,22.782],[103.492,22.588],[103.355,22.754],[103.301,22.765],[103.139,22.593],[103.136,22.543],[103.006,22.452],[102.934,22.466],[102.83,22.588],[102.722,22.649],[102.47,22.751],[102.405,22.708],[102.236,22.466],[102.128,22.379],[102.023,22.438],[101.944,22.44],[101.843,22.388],[101.76,22.491],[101.706,22.487],[101.67,22.463],[101.62,22.327],[101.523,22.254],[101.602,21.989],[101.735,21.826],[101.746,21.605],[101.724,21.315],[101.804,21.235],[101.728,21.156],[101.541,21.234],[101.444,21.23],[101.282,21.183],[101.249,21.197],[101.224,21.223],[101.22,21.343],[101.174,21.407],[101.195,21.522],[101.138,21.567],[101.13,21.735],[101.08,21.756],[100.835,21.656],[100.677,21.505],[100.605,21.472],[100.533,21.458],[100.349,21.501],[100.216,21.463],[100.148,21.48],[100.09,21.558],[100.097,21.661],[99.978,21.702],[99.942,21.758],[99.924,21.82],[99.95,21.989],[99.917,22.029],[99.593,22.09],[99.233,22.11],[99.172,22.154],[99.244,22.371],[99.338,22.497],[99.338,22.688],[99.384,22.826],[99.507,22.959],[99.464,23.046],[99.341,23.096],[99.057,23.131],[98.862,23.192],[98.884,23.381],[98.798,23.52],[98.834,23.624],[98.787,23.737],[98.682,23.841],[98.675,23.905],[98.7,23.964],[98.834,24.091],[98.834,24.121],[98.585,24.07],[98.499,24.115],[98.211,24.11],[98.016,24.065],[97.685,23.898],[97.631,23.886],[97.563,23.911],[97.57,23.989],[97.692,24.131],[97.707,24.228],[97.667,24.379],[97.563,24.444],[97.53,24.492],[97.53,24.631],[97.584,24.775],[97.725,24.843],[97.739,24.871],[97.714,25.034],[97.818,25.253],[97.919,25.237],[98.009,25.292],[98.099,25.416],[98.142,25.572],[98.171,25.595],[98.297,25.568],[98.333,25.588],[98.466,25.789],[98.625,25.827],[98.657,25.864],[98.654,25.917],[98.564,26.072],[98.571,26.114],[98.664,26.14],[98.686,26.19],[98.672,26.299],[98.711,26.43],[98.74,26.699],[98.65,27.572],[98.452,27.657],[98.409,27.64],[98.351,27.539],[98.297,27.549],[98.132,27.968],[98.099,28.143],[97.887,28.357],[97.768,28.357],[97.66,28.501],[97.538,28.511],[97.322,28.218],[97.077,28.369],[96.98,28.337],[96.774,28.367],[96.602,28.461],[96.429,28.407],[96.389,28.369],[96.281,28.412],[96.328,28.469],[96.328,28.525],[96.396,28.606],[96.58,28.764],[96.476,28.959],[96.468,29.023],[96.436,29.051],[96.346,29.027],[96.162,28.91],[96.137,28.922],[96.123,29.082],[96.339,29.211],[96.357,29.249],[96.234,29.245],[96.13,29.381],[96.036,29.447],[95.709,29.313],[95.514,29.207],[95.518,29.152],[95.388,29.037],[95.28,29.049],[95.0,29.15],[94.769,29.176],[94.733,29.252],[94.622,29.313],[94.467,29.216],[94.294,29.145],[94.11,28.976],[94.017,28.959],[94.013,28.907],[93.974,28.86],[93.761,28.73],[93.664,28.69],[93.254,28.629],[93.207,28.591],[93.12,28.402],[92.883,28.228],[92.703,28.146],[92.645,28.061],[92.688,28.025],[92.688,27.988],[92.663,27.949],[92.548,27.879],[92.415,27.825],[92.249,27.841],[92.102,27.808],[91.979,27.73],[91.634,27.759],[91.641,27.923],[91.605,27.952],[91.367,28.021],[91.274,28.079],[91.227,28.072],[91.079,27.975],[91.022,27.969],[90.906,28.027],[90.716,28.072],[90.352,28.08],[90.334,28.094],[90.363,28.216],[90.348,28.244],[90.104,28.303],[89.898,28.294],[89.815,28.256],[89.751,28.188],[89.538,28.108],[89.481,28.06],[89.16,27.711],[89.103,27.593],[88.948,27.464],[88.89,27.317],[88.764,27.429],[88.75,27.521],[88.847,27.869],[88.804,28.008],[88.62,28.093],[88.577,28.093],[88.426,28.011],[88.141,27.949],[88.109,27.933],[88.109,27.87],[87.861,27.886],[87.623,27.815],[87.141,27.839],[87.022,27.929],[86.752,28.021],[86.691,28.094],[86.615,28.103],[86.554,28.086],[86.518,27.964],[86.41,27.929],[86.219,28.021],[86.136,28.115],[86.079,28.084],[86.064,27.935],[85.996,27.91],[85.953,27.928],[85.841,28.136],[85.679,28.277],[85.409,28.277],[85.121,28.317],[85.089,28.372],[85.161,28.593],[85.071,28.61],[84.855,28.554],[84.797,28.56],[84.228,28.912],[84.102,29.219],[83.937,29.28],[83.67,29.188],[83.584,29.183],[83.353,29.44],[83.155,29.613],[83.015,29.619],[82.853,29.683],[82.486,29.941],[82.219,30.065],[82.158,30.115],[82.043,30.327],[81.643,30.388],[81.417,30.337],[81.255,30.093],[81.175,30.04],[81.111,30.037],[81.01,30.164],[80.985,30.237],[80.682,30.415],[80.193,30.568],[80.193,30.759],[80.149,30.79],[80.081,30.782],[79.793,30.967],[79.566,30.948],[79.494,30.993],[79.339,31.106],[79.105,31.403],[79.044,31.426],[79.012,31.414],[78.972,31.329],[78.756,31.303],[78.76,31.436],[78.727,31.473],[78.803,31.618],[78.695,31.74],[78.688,31.806],[78.735,31.959],[78.497,32.216],[78.389,32.519],[78.414,32.558],[78.702,32.598],[78.771,32.467],[78.918,32.358],[79.066,32.388],[79.127,32.476],[79.221,32.5],[79.235,32.703],[79.203,32.947],[79.109,33.023],[79.102,33.052],[79.134,33.172],[79.113,33.226],[78.947,33.346],[78.803,33.5],[78.785,33.809],[78.727,34.014],[78.753,34.087],[78.972,34.228],[78.969,34.302],[78.936,34.353],[78.67,34.518],[78.328,34.606],[78.281,34.655],[78.011,35.25],[78.043,35.479],[78.011,35.49],[77.896,35.45],[77.799,35.497],[77.446,35.476],[77.089,35.552],[76.881,35.613],[76.632,35.729],[76.564,35.773],[76.553,35.887],[76.387,35.837],[76.179,35.811],[76.146,35.828],[76.071,35.983],[75.945,36.017],[75.912,36.049],[75.905,36.089],[75.97,36.169],[75.973,36.382],[75.934,36.521],[75.84,36.649],[75.667,36.741],[75.574,36.759],[75.459,36.726],[75.423,36.738],[75.347,36.913],[75.055,36.988],[74.89,36.953],[74.692,37.037],[74.541,37.023],[74.375,37.137],[74.371,37.158],[74.728,37.29],[74.767,37.248],[74.89,37.231],[75.12,37.385],[75.099,37.451],[74.893,37.601],[74.937,37.773],[74.843,38.038],[74.789,38.104],[74.775,38.193],[74.771,38.274],[74.836,38.404],[74.811,38.46],[74.746,38.51],[74.515,38.601],[74.278,38.66],[74.13,38.661],[74.065,38.609],[74.026,38.54],[73.972,38.533],[73.803,38.608],[73.695,38.854],[73.731,38.915],[73.795,38.941],[73.806,38.969],[73.608,39.229],[73.633,39.45],[73.824,39.489],[73.907,39.578],[73.882,39.715],[73.839,39.762],[73.835,39.8],[73.993,40.043],[74.411,40.137],[74.681,40.311],[74.832,40.328],[74.843,40.345],[74.8,40.429],[74.836,40.482],[74.865,40.493],[75.005,40.45],[75.243,40.481],[75.52,40.628],[75.585,40.606],[75.678,40.305],[75.873,40.304],[76.006,40.371],[76.157,40.377],[76.258,40.43],[76.319,40.352],[76.481,40.45],[76.578,40.578],[76.661,40.779],[76.823,40.982],[76.909,41.024],[76.985,41.04],[77.583,40.993],[77.817,41.055],[78.123,41.076],[78.346,41.281],[78.364,41.371],[78.742,41.561],[79.293,41.783],[79.354,41.781],[79.768,41.899],[79.84,41.996],[80.236,42.043],[80.211,42.191],[80.257,42.236],[80.254,42.274],[80.178,42.519],[80.164,42.666],[80.25,42.797],[80.538,42.873],[80.545,42.911],[80.383,42.974],[80.391,43.043],[80.617,43.128],[80.751,43.102],[80.779,43.119],[80.787,43.161],[80.729,43.274],[80.668,43.31],[80.664,43.354],[80.704,43.427],[80.65,43.564],[80.495,43.892],[80.43,43.951],[80.355,44.097],[80.365,44.224],[80.337,44.439],[80.355,44.552],[80.391,44.626],[80.38,44.656],[80.481,44.715],[80.455,44.746],[80.254,44.809],[79.998,44.796],[79.876,44.861],[79.872,44.883],[80.059,45.007],[80.635,45.126],[80.855,45.13],[81.604,45.31],[81.69,45.349],[81.759,45.31],[81.791,45.225],[81.867,45.182],[81.989,45.161],[82.266,45.218],[82.479,45.123],[82.522,45.126],[82.597,45.217],[82.623,45.293],[82.612,45.425],[82.327,45.52],[82.317,45.595],[82.511,46.006],[82.554,46.159],[82.691,46.387],[82.975,46.966],[83.029,47.185],[83.091,47.21],[83.713,47.02],[84.016,46.97],[84.34,46.996],[84.667,46.972],[84.718,46.939],[84.747,46.864],[84.786,46.831],[85.013,46.909],[85.233,47.036],[85.485,47.064],[85.657,47.255],[85.668,47.338],[85.585,47.494],[85.524,47.916],[85.625,48.204],[85.693,48.312],[85.751,48.385],[85.83,48.407],[86.266,48.454],[86.55,48.529],[86.719,48.697],[86.759,48.86],[86.73,48.939],[86.752,49.008],[86.885,49.091],[87.047,49.11],[87.418,49.077],[87.515,49.123],[87.814,49.163],[87.817,49.081],[87.871,48.999],[87.861,48.966],[87.756,48.918],[87.742,48.881],[87.81,48.836],[87.832,48.791],[88.059,48.708],[88.051,48.675],[87.972,48.604],[87.979,48.555],[88.311,48.472],[88.415,48.404],[88.516,48.385],[88.566,48.317],[88.577,48.22],[88.84,48.102],[88.919,48.09],[89.049,48.003],[89.196,47.98],[89.329,48.025],[89.481,48.029],[89.56,48.005],[89.639,47.909],[89.779,47.828],[89.909,47.845],[89.959,47.887],[90.028,47.878],[90.104,47.746],[90.312,47.676],[90.424,47.505],[90.496,47.286],[90.716,47.005],[90.87,46.954],[90.986,46.749],[91.004,46.595],[91.029,46.565],[91.032,46.529],[90.971,46.388],[90.917,46.324],[90.91,46.27],[90.996,46.105],[91.004,46.036],[90.795,45.854],[90.708,45.73],[90.662,45.526],[90.852,45.263],[90.878,45.196],[91.05,45.217],[91.313,45.118],[91.443,45.125],[91.583,45.076],[92.03,45.069],[92.426,45.008],[92.789,45.036],[93.516,44.944],[93.657,44.901],[93.959,44.675],[94.2,44.645],[94.366,44.519],[94.712,44.35],[95.05,44.26],[95.349,44.277],[95.367,44.262],[95.327,44.04],[95.356,44.007],[95.525,43.954],[95.842,43.383],[95.86,43.276],[95.914,43.206],[96.299,42.929],[96.342,42.849],[96.353,42.746],[96.386,42.72],[97.206,42.79],[99.467,42.567],[99.982,42.677],[101.091,42.552],[101.494,42.538],[101.66,42.5],[101.973,42.215],[102.156,42.158],[103.074,42.007],[103.712,41.752],[104.496,41.877],[104.496,41.66],[104.86,41.644],[104.982,41.595],[105.051,41.616],[105.198,41.738],[105.868,41.995],[106.772,42.288],[108.172,42.448],[108.687,42.416],[109.443,42.456],[110.401,42.774],[111.009,43.342],[111.549,43.496],[111.772,43.665],[111.934,43.711],[111.931,43.816],[111.837,43.935],[111.603,44.107],[111.401,44.368],[111.412,44.42],[111.517,44.569],[111.621,44.828],[111.751,44.97],[111.898,45.064],[112.031,45.081],[112.413,45.059],[112.499,45.012],[112.597,44.918],[112.708,44.883],[113.05,44.81],[113.587,44.746],[114.08,44.972],[114.166,45.05],[114.418,45.203],[114.487,45.272],[114.519,45.364],[114.559,45.39],[114.739,45.42],[114.919,45.378],[115.163,45.39],[115.682,45.458],[115.934,45.626],[116.197,45.739],[116.24,45.796],[116.215,45.887],[116.265,45.963],[116.359,46.097],[116.517,46.21],[116.564,46.289],[116.859,46.388],[116.978,46.362],[117.334,46.362],[117.406,46.571],[117.439,46.586],[117.547,46.588],[117.673,46.522],[117.741,46.519],[117.813,46.538],[117.91,46.619],[118.072,46.666],[118.31,46.716],[118.724,46.692],[118.789,46.748],[118.843,46.76],[118.958,46.736],[119.163,46.638],[119.332,46.614],[119.473,46.626],[119.707,46.605],[119.869,46.671],[119.897,46.732],[119.897,46.857],[119.789,46.979],[119.757,47.09],[119.71,47.15],[119.527,47.256],[119.325,47.411],[119.293,47.473],[119.163,47.525],[119.123,47.558],[119.08,47.654],[118.76,47.758],[118.569,47.944],[118.497,47.984],[118.241,47.999],[118.148,48.029],[117.77,47.987],[117.352,47.652],[117.287,47.666],[117.071,47.807],[116.762,47.869],[116.513,47.84],[116.233,47.859],[116.074,47.789],[115.995,47.711],[115.898,47.687],[115.617,47.874],[115.559,47.946],[115.523,48.131],[115.786,48.248],[115.793,48.456],[115.822,48.577],[115.955,48.689],[116.024,48.782],[116.035,48.84],[116.243,49.171],[116.683,49.824],[117.244,49.624],[117.478,49.609],[117.698,49.536],[117.874,49.513],[118.45,49.845],[118.756,49.963],[119.149,50.013],[119.26,50.067],[119.325,50.156],[119.347,50.279],[119.3,50.353],[119.163,50.405],[119.257,50.484],[119.282,50.562],[119.343,50.635],[119.447,50.702],[119.501,50.779],[119.512,50.864],[119.746,51.109],[119.757,51.18],[119.966,51.423],[120.067,51.6],[120.236,51.723],[120.509,51.848],[120.682,51.973],[120.751,52.096],[120.743,52.206],[120.664,52.299],[120.65,52.397],[120.7,52.494],[120.657,52.567],[120.52,52.615],[120.362,52.628],[120.171,52.603],[120.067,52.633],[120.045,52.718],[120.095,52.787],[120.423,52.968],[120.704,53.173],[120.985,53.284],[121.406,53.317],[122.338,53.485],[122.381,53.463],[122.745,53.468],[123.31,53.556],[123.425,53.53],[123.609,53.546],[123.742,53.511],[124.153,53.358],[124.221,53.371],[124.466,53.23],[124.639,53.211],[124.811,53.134],[124.883,53.129],[124.905,53.173],[125.074,53.204],[125.546,53.048],[125.65,53.042],[125.693,53.004],[125.679,52.931],[125.729,52.891],[125.873,52.872],[125.942,52.801],[126.05,52.739],[126.061,52.692],[126.017,52.61],[126.046,52.574],[126.194,52.52],[126.237,52.445],[126.341,52.362],[126.323,52.332],[126.385,52.287],[126.395,52.173],[126.457,52.126],[126.511,51.926],[126.655,51.782],[126.701,51.702],[126.687,51.61],[126.709,51.567],[126.773,51.544],[126.806,51.506],[126.802,51.449],[126.849,51.374],[126.835,51.315],[126.889,51.23],[126.925,51.1],[127.306,50.708],[127.346,50.621],[127.346,50.55],[127.306,50.454],[127.342,50.428],[127.339,50.35],[127.396,50.298],[127.591,50.209],[127.511,50.072],[127.493,49.975],[127.501,49.874],[127.551,49.801],[127.691,49.716],[127.709,49.671],[128.001,49.569],[128.239,49.56],[128.703,49.6],[128.768,49.577],[128.789,49.543],[128.771,49.494],[128.818,49.465],[129.02,49.419],[129.067,49.374],[129.247,49.38],[129.311,49.353],[129.383,49.39],[129.499,49.388],[129.535,49.324],[129.592,49.288],[129.671,49.279],[129.794,49.199],[130.039,48.972],[130.197,48.892],[130.554,48.86],[130.618,48.774],[130.564,48.68],[130.554,48.602],[130.658,48.484],[130.748,48.43],[130.806,48.341],[130.788,48.255],[130.712,48.128],[130.734,48.018],[130.849,47.93],[130.917,47.843],[130.96,47.709],[131.122,47.697],[131.32,47.729],[131.464,47.723],[131.558,47.682],[131.785,47.68],[132.379,47.73],[132.476,47.715],[132.562,47.768],[132.638,47.89],[132.706,47.947],[132.771,47.94],[132.876,47.979],[133.02,48.064],[133.146,48.105],[133.47,48.097],[133.844,48.274],[134.294,48.373],[134.564,48.322],[134.665,48.255],[134.668,48.154],[134.568,48.022],[134.751,47.715],[134.596,47.524],[134.485,47.447],[134.29,47.414],[134.168,47.302],[134.204,47.128],[134.136,47.069],[134.071,46.951],[134.024,46.713],[133.866,46.499],[133.902,46.368],[133.862,46.248],[133.7,46.14],[133.711,46.069],[133.65,45.954],[133.513,45.878],[133.448,45.704],[133.466,45.651],[133.437,45.605],[133.185,45.494],[133.113,45.321],[133.095,45.22],[133.113,45.132],[132.937,45.029],[131.979,45.244],[131.853,45.328],[131.655,45.206],[131.58,45.083],[131.446,44.984],[131.227,44.92],[131.083,44.909],[130.982,44.845],[130.968,44.8],[131.061,44.659],[131.256,44.071],[131.212,44.003],[131.173,43.705],[131.184,43.505],[131.245,43.468],[131.259,43.378],[131.176,43.142],[131.086,43.038],[131.068,42.902],[130.942,42.852],[130.802,42.857],[130.579,42.812],[130.424,42.727],[130.438,42.685],[130.521,42.675],[130.575,42.623],[130.586,42.567],[130.528,42.536],[130.294,42.685],[130.248,42.745],[130.24,42.892],[130.15,42.918],[130.082,42.974],[130.021,42.963],[129.898,42.998],[129.862,42.965],[129.779,42.776],[129.697,42.448],[129.603,42.435],[129.567,42.392],[129.524,42.385],[129.423,42.435],[129.365,42.439],[129.315,42.413],[129.218,42.312],[129.196,42.218],[128.923,42.038],[128.426,42.01],[128.307,42.026],[128.044,41.988],[128.033,41.899],[128.055,41.864],[128.181,41.699],[128.257,41.656],[128.289,41.607],[128.293,41.562],[128.149,41.387],[128.012,41.449],[127.688,41.441],[127.18,41.531],[127.137,41.555],[127.13,41.607],[127.007,41.743],[126.903,41.781],[126.788,41.719],[126.723,41.717],[126.601,41.64],[126.489,41.357],[126.413,41.321],[126.255,41.137],[126.143,41.078],[125.989,40.904],[125.729,40.866],[125.647,40.779],[125.593,40.779],[125.416,40.66],[125.315,40.644],[125.074,40.547],[125.027,40.524],[124.999,40.465],[124.891,40.46],[124.387,40.104],[124.361,40.003],[124.268,39.923],[124.106,39.84],[123.76,39.823],[123.652,39.882],[123.58,39.786],[123.35,39.764],[123.227,39.687],[123.033,39.674],[122.961,39.62],[122.839,39.601],[122.335,39.366],[122.122,39.153],[121.982,39.054],[121.863,38.996],[121.676,39.003],[121.633,38.955],[121.669,38.892],[121.651,38.865],[121.319,38.809],[121.165,38.731],[121.121,38.812],[121.107,38.92],[121.679,39.109],[121.629,39.22],[121.82,39.387],[121.276,39.385],[121.301,39.453],[121.269,39.545],[121.406,39.621],[121.517,39.639],[121.474,39.755],[121.517,39.845],[121.802,39.951],[121.87,40.047],[122.191,40.357],[122.263,40.5],[122.273,40.542],[122.18,40.602],[122.14,40.687],[121.859,40.842],[121.834,40.974],[121.809,40.969],[121.73,40.845],[121.175,40.901],[120.923,40.684],[120.772,40.588],[120.481,40.231],[119.591,39.903],[119.39,39.752],[119.26,39.561],[119.224,39.408],[118.976,39.182],[118.753,39.16],[118.627,39.177],[118.299,39.068],[118.148,39.194],[118.04,39.227],[117.867,39.191],[117.784,39.134],[117.615,38.852],[117.554,38.691],[117.557,38.625],[117.655,38.424],[117.766,38.312],[118.015,38.184],[118.544,38.095],[118.666,38.127],[118.799,38.127],[118.94,38.043],[119.026,37.905],[119.037,37.776],[119.087,37.701],[118.99,37.641],[118.954,37.495],[118.954,37.332],[119.113,37.201],[119.289,37.139],[119.451,37.125],[119.761,37.155],[119.887,37.254],[119.883,37.351],[120.157,37.495],[120.311,37.623],[120.257,37.679],[120.751,37.833],[121.049,37.726],[121.219,37.601],[121.388,37.578],[121.64,37.46],[121.964,37.444],[122.057,37.53],[122.108,37.523],[122.169,37.457],[122.338,37.405],[122.601,37.427],[122.666,37.403],[122.572,37.318],[122.587,37.181],[122.446,37.068],[122.522,37.002],[122.518,36.946],[122.342,36.832],[122.241,36.849],[122.205,36.927],[122.162,36.958],[121.931,36.96],[121.669,36.837],[121.053,36.611],[120.988,36.597],[120.88,36.636],[120.812,36.632],[120.797,36.608],[120.884,36.538],[120.905,36.484],[120.895,36.445],[120.848,36.425],[120.776,36.457],[120.711,36.413],[120.682,36.34],[120.682,36.169],[120.639,36.13],[120.52,36.109],[120.394,36.054],[120.329,36.109],[120.329,36.228],[120.182,36.203],[120.095,36.118],[120.182,36.017],[120.265,36.007],[120.286,35.985],[120.056,35.861],[119.98,35.74],[119.865,35.644],[119.721,35.589],[119.527,35.358],[119.429,35.302],[119.354,35.113],[119.217,35.012],[119.167,34.849],[119.203,34.748],[119.35,34.75],[119.584,34.582],[119.771,34.497],[119.962,34.448],[120.268,34.275],[120.499,33.717],[120.506,33.637],[120.617,33.49],[120.869,33.016],[120.898,32.844],[120.851,32.764],[120.855,32.662],[120.988,32.566],[121.341,32.426],[121.402,32.372],[121.402,32.207],[121.449,32.153],[121.676,32.051],[121.834,31.9],[121.867,31.704],[121.762,31.7],[121.679,31.712],[121.352,31.858],[121.147,31.842],[120.974,31.87],[120.79,32.032],[120.52,32.106],[120.185,31.966],[120.099,31.976],[120.034,31.936],[120.193,31.907],[120.499,32.019],[120.715,31.983],[120.787,31.82],[121.057,31.719],[121.204,31.629],[121.352,31.485],[121.661,31.32],[121.787,31.164],[121.834,31.061],[121.877,30.917],[121.769,30.87],[121.528,30.841],[121.42,30.79],[121.309,30.7],[120.999,30.558],[120.898,30.393],[120.823,30.355],[120.628,30.391],[120.448,30.388],[120.196,30.242],[120.261,30.263],[120.351,30.247],[120.495,30.303],[120.632,30.132],[120.905,30.16],[121.161,30.303],[121.258,30.304],[121.431,30.226],[121.679,29.98],[122.083,29.87],[121.906,29.78],[121.676,29.584],[121.507,29.485],[121.69,29.511],[121.888,29.627],[121.942,29.606],[121.967,29.49],[121.917,29.134],[121.852,29.129],[121.791,29.226],[121.719,29.256],[121.535,29.237],[121.449,29.131],[121.521,29.119],[121.665,29.011],[121.679,28.954],[121.64,28.916],[121.539,28.931],[121.661,28.851],[121.629,28.768],[121.517,28.714],[121.474,28.641],[121.604,28.367],[121.611,28.292],[121.51,28.324],[121.355,28.23],[121.273,28.223],[121.215,28.346],[121.147,28.327],[121.1,28.291],[120.959,28.037],[120.891,28.004],[120.747,28.009],[120.833,27.938],[120.833,27.891],[120.686,27.745],[120.664,27.64],[120.589,27.581],[120.628,27.482],[120.607,27.412],[120.383,27.155],[120.279,27.098],[120.139,26.886],[120.088,26.671],[120.041,26.634],[119.969,26.586],[119.883,26.61],[119.879,26.683],[119.843,26.69],[119.822,26.737],[119.825,26.846],[119.789,26.832],[119.768,26.775],[119.71,26.728],[119.588,26.785],[119.638,26.621],[119.725,26.61],[119.786,26.546],[119.879,26.334],[119.692,26.237],[119.462,26.055],[119.314,26.063],[119.138,26.122],[119.264,25.975],[119.332,25.949],[119.419,25.954],[119.501,26.009],[119.62,26.004],[119.649,25.919],[119.552,25.699],[119.541,25.591],[119.624,25.391],[119.591,25.369],[119.422,25.459],[119.181,25.45],[119.145,25.414],[119.17,25.355],[119.242,25.306],[119.285,25.232],[119.235,25.206],[118.976,25.209],[118.915,25.128],[118.954,25.004],[118.907,24.93],[118.637,24.836],[118.72,24.746],[118.655,24.621],[118.562,24.581],[118.411,24.602],[118.295,24.572],[118.195,24.626],[118.087,24.628],[118.015,24.56],[118.007,24.482],[117.842,24.475],[117.878,24.397],[118.025,24.379],[118.058,24.246],[117.903,24.107],[117.838,24.013],[117.741,24.015],[117.669,23.94],[117.629,23.836],[117.579,23.857],[117.467,23.841],[117.431,23.793],[117.464,23.737],[117.417,23.621],[117.367,23.589],[117.331,23.709],[117.291,23.714],[117.226,23.647],[117.082,23.579],[117.032,23.624],[116.909,23.647],[116.863,23.452],[116.711,23.36],[116.629,23.353],[116.683,23.327],[116.701,23.277],[116.668,23.228],[116.585,23.218],[116.539,23.18],[116.521,23.006],[116.47,22.945],[116.344,22.942],[116.251,22.982],[116.157,22.888],[116.063,22.879],[115.851,22.801],[115.642,22.853],[115.559,22.824],[115.498,22.72],[115.383,22.72],[115.196,22.817],[115.091,22.782],[115.012,22.709],[114.915,22.685],[114.897,22.64],[114.854,22.617],[114.749,22.626],[114.71,22.739],[114.652,22.754],[114.544,22.621],[114.555,22.529],[114.497,22.527],[114.422,22.583],[114.339,22.593],[114.267,22.541],[114.123,22.565],[114.015,22.511],[113.932,22.53],[113.828,22.607],[113.756,22.734],[113.619,22.862],[113.587,23.02],[113.619,23.128],[113.518,23.102],[113.446,23.055],[113.461,22.996],[113.443,22.94],[113.331,22.912],[113.345,22.864],[113.432,22.789],[113.45,22.727],[113.554,22.595],[113.551,22.404],[113.59,22.35],[113.551,22.225],[113.493,22.242],[113.479,22.195],[113.327,22.145],[113.266,22.09],[113.147,22.076],[113.09,22.208],[113.007,22.119],[112.985,21.939],[112.953,21.907],[112.903,21.881],[112.809,21.945],[112.661,21.859],[112.586,21.777],[112.42,21.881],[112.431,21.958],[112.359,21.978],[112.391,21.801],[112.305,21.742],[112.193,21.763],[112.024,21.843],[111.945,21.85],[111.927,21.777],[111.873,21.716],[111.776,21.72],[111.682,21.609],[111.603,21.558],[111.394,21.536],[111.319,21.485],[111.099,21.485],[111.016,21.511],[110.998,21.43],[110.771,21.386],[110.566,21.215],[110.505,21.208],[110.458,21.23],[110.433,21.327],[110.411,21.338],[110.375,21.173],[110.195,21.038],[110.156,20.944],[110.181,20.859],[110.365,20.838],[110.39,20.791],[110.325,20.72],[110.314,20.671],[110.512,20.518],[110.519,20.459],[110.451,20.355],[110.347,20.295],[110.123,20.263],[109.94,20.295],[109.882,20.364],[109.886,20.413],[109.983,20.404],[109.968,20.449],[109.86,20.515],[109.792,20.623],[109.806,20.711],[109.662,20.918],[109.706,21.053],[109.68,21.131],[109.76,21.228],[109.781,21.338],[109.922,21.376],[109.932,21.48],[109.828,21.484],[109.76,21.56],[109.742,21.529],[109.688,21.525],[109.565,21.69],[109.522,21.694],[109.544,21.537],[109.346,21.454],[109.148,21.426],[109.083,21.44],[109.133,21.544],[109.101,21.591],[109.029,21.626],[108.773,21.631],[108.615,21.77],[108.59,21.815],[108.615,21.869],[108.593,21.9],[108.478,21.904],[108.492,21.739],[108.525,21.671],[108.503,21.633],[108.446,21.607],[108.384,21.68],[108.323,21.694],[108.302,21.623],[108.248,21.558],[108.147,21.565],[107.974,21.508]]}},{"type":"Feature","properties":{"kind":"border","name":"Myanmar"},"geometry":{"type":"LineString","coordinates":[[100.122,20.317],[99.953,20.416],[99.892,20.425],[99.719,20.326],[99.64,20.321],[99.46,20.362],[99.503,20.189],[99.485,20.15],[99.338,20.079],[99.197,20.116],[99.075,20.1],[99.021,20.041],[98.988,19.862],[98.916,19.774],[98.762,19.77],[98.373,19.689],[98.24,19.69],[98.11,19.762],[98.049,19.77],[98.016,19.749],[97.991,19.654],[97.916,19.593],[97.818,19.459],[97.793,19.265],[97.804,19.13],[97.714,18.996],[97.707,18.932],[97.746,18.588],[97.516,18.498],[97.376,18.519],[97.451,18.359],[97.523,18.296],[97.631,18.291],[97.624,18.258],[97.721,18.038],[97.739,17.935],[97.7,17.833],[97.707,17.796],[98.175,17.239],[98.438,16.975],[98.47,16.895],[98.477,16.732],[98.661,16.331],[98.69,16.305],[98.837,16.418],[98.888,16.352],[98.866,16.237],[98.819,16.18],[98.592,16.05],[98.56,15.769],[98.556,15.368],[98.538,15.35],[98.452,15.357],[98.193,15.205],[98.178,15.147],[98.204,14.975],[98.247,14.814],[98.571,14.359],[98.934,14.05],[99.136,13.717],[99.172,13.496],[99.176,13.232],[99.107,13.104],[99.125,13.031],[99.172,12.962],[99.172,12.882],[99.219,12.739],[99.406,12.548],[99.395,12.474],[99.431,12.309],[99.615,11.781],[99.572,11.687],[99.478,11.613],[99.19,11.106],[98.758,10.661],[98.769,10.431],[98.704,10.191],[98.657,10.179],[98.564,10.035],[98.495,10.182],[98.524,10.352],[98.466,10.675],[98.535,10.741],[98.675,10.986],[98.682,11.134],[98.744,11.24],[98.74,11.592],[98.79,11.665],[98.877,11.72],[98.805,11.779],[98.693,11.719],[98.636,11.738],[98.646,11.91],[98.69,11.956],[98.664,12.127],[98.697,12.226],[98.6,12.245],[98.618,12.3],[98.679,12.349],[98.625,12.441],[98.664,12.54],[98.664,12.663],[98.574,13.161],[98.488,13.293],[98.42,13.484],[98.247,13.734],[98.24,13.934],[98.2,13.981],[98.15,13.647],[98.11,13.713],[98.074,13.986],[98.099,14.161],[97.998,14.335],[97.908,14.652],[97.93,14.696],[98.02,14.652],[97.937,14.764],[97.869,14.739],[97.811,14.859],[97.8,15.185],[97.743,15.307],[97.775,15.43],[97.71,15.876],[97.584,16.019],[97.642,16.253],[97.635,16.458],[97.664,16.52],[97.725,16.569],[97.62,16.538],[97.376,16.522],[97.332,16.671],[97.268,16.743],[97.21,16.892],[97.178,17.062],[97.199,17.095],[97.102,17.164],[96.969,17.317],[96.85,17.401],[96.911,17.305],[96.85,17.203],[96.908,17.031],[96.767,16.71],[96.623,16.564],[96.432,16.505],[96.364,16.52],[96.281,16.597],[96.249,16.765],[96.188,16.769],[96.238,16.632],[96.238,16.567],[96.324,16.444],[96.292,16.409],[96.134,16.343],[96.044,16.34],[96.011,16.253],[95.763,16.17],[95.68,15.977],[95.554,15.838],[95.388,15.724],[95.302,15.757],[95.309,15.88],[95.363,15.986],[95.345,16.097],[95.334,16.033],[95.176,15.826],[95.079,15.84],[94.942,15.819],[94.892,15.979],[94.892,16.184],[94.848,16.033],[94.798,15.972],[94.661,15.904],[94.65,16.066],[94.719,16.399],[94.704,16.512],[94.665,16.336],[94.589,16.29],[94.442,16.095],[94.298,16.008],[94.226,16.017],[94.215,16.126],[94.272,16.517],[94.355,16.64],[94.398,16.868],[94.452,16.954],[94.474,17.135],[94.564,17.309],[94.589,17.569],[94.56,17.699],[94.496,17.824],[94.431,18.201],[94.265,18.506],[94.251,18.609],[94.172,18.732],[94.247,18.741],[94.092,18.848],[94.071,18.894],[94.038,19.147],[94.046,19.288],[94.002,19.182],[93.941,19.145],[93.966,18.994],[93.93,18.9],[93.707,19.027],[93.495,19.369],[93.578,19.4],[93.729,19.267],[93.826,19.239],[93.963,19.329],[93.999,19.44],[93.959,19.482],[93.84,19.534],[93.768,19.609],[93.74,19.697],[93.61,19.775],[93.707,19.913],[93.581,19.909],[93.408,20.038],[93.25,20.071],[93.156,20.041],[93.2,19.899],[93.192,19.852],[93.131,19.859],[93.002,20.074],[93.095,20.182],[93.016,20.185],[93.066,20.378],[93.034,20.406],[92.991,20.288],[92.883,20.152],[92.793,20.211],[92.89,20.34],[92.85,20.414],[92.786,20.47],[92.735,20.562],[92.71,20.564],[92.732,20.454],[92.724,20.296],[92.609,20.47],[92.379,20.718],[92.325,20.791],[92.264,21.062],[92.213,21.112],[92.181,21.293],[92.21,21.359],[92.278,21.428],[92.332,21.44],[92.541,21.32],[92.57,21.263],[92.598,21.27],[92.631,21.307],[92.595,21.468],[92.573,21.978],[92.631,22.011],[92.688,22.131],[92.771,22.105],[92.854,22.01],[92.908,21.989],[92.966,22.004],[93.045,22.183],[93.153,22.23],[93.164,22.36],[93.077,22.718],[93.164,22.907],[93.164,23.032],[93.254,23.015],[93.308,23.03],[93.351,23.084],[93.408,23.529],[93.416,23.681],[93.308,24.022],[93.326,24.063],[93.354,24.074],[93.495,23.973],[93.682,24.006],[94.074,23.872],[94.128,23.876],[94.294,24.322],[94.398,24.515],[94.586,24.766],[94.708,25.049],[94.676,25.138],[94.553,25.216],[94.578,25.32],[94.668,25.459],[94.787,25.52],[94.946,25.7],[94.992,25.77],[95.014,25.912],[95.133,26.041],[95.068,26.192],[95.05,26.348],[95.061,26.475],[95.129,26.598],[95.464,26.756],[95.907,27.046],[96.062,27.218],[96.191,27.261],[96.666,27.339],[96.731,27.332],[96.8,27.296],[96.879,27.178],[96.954,27.133],[97.037,27.101],[97.102,27.115],[97.102,27.164],[96.9,27.44],[96.875,27.587],[96.962,27.699],[97.224,27.89],[97.307,27.907],[97.336,27.938],[97.34,28.03],[97.304,28.086],[97.322,28.218],[97.538,28.511],[97.599,28.516],[97.696,28.469],[97.768,28.357],[97.887,28.357],[98.099,28.143],[98.132,27.968],[98.297,27.549],[98.351,27.539],[98.409,27.64],[98.452,27.657],[98.65,27.572],[98.74,26.699],[98.711,26.43],[98.672,26.299],[98.686,26.19],[98.664,26.14],[98.571,26.114],[98.564,26.072],[98.654,25.917],[98.657,25.864],[98.625,25.827],[98.466,25.789],[98.333,25.588],[98.297,25.568],[98.171,25.595],[98.142,25.572],[98.099,25.416],[98.009,25.292],[97.919,25.237],[97.818,25.253],[97.714,25.034],[97.739,24.871],[97.725,24.843],[97.584,24.775],[97.53,24.631],[97.53,24.492],[97.563,24.444],[97.667,24.379],[97.707,24.228],[97.692,24.131],[97.57,23.989],[97.563,23.911],[97.631,23.886],[97.685,23.898],[98.016,24.065],[98.211,24.11],[98.499,24.115],[98.585,24.07],[98.834,24.121],[98.834,24.091],[98.7,23.964],[98.675,23.905],[98.682,23.841],[98.787,23.737],[98.834,23.624],[98.798,23.52],[98.884,23.381],[98.862,23.192],[99.057,23.131],[99.341,23.096],[99.464,23.046],[99.507,22.959],[99.384,22.826],[99.338,22.688],[99.338,22.497],[99.204,22.282],[99.172,22.192],[99.194,22.126],[99.302,22.1],[99.593,22.09],[99.917,22.029],[99.95,21.989],[99.924,21.82],[99.942,21.758],[99.978,21.702],[100.097,21.661],[100.09,21.558],[100.115,21.511],[100.216,21.463],[100.349,21.501],[100.533,21.458],[100.605,21.472],[100.677,21.505],[100.835,21.656],[101.08,21.756],[101.13,21.735],[101.148,21.581],[101.08,21.468],[100.929,21.366],[100.821,21.314],[100.756,21.312],[100.702,21.251],[100.612,21.06],[100.536,20.992],[100.522,20.921],[100.551,20.885],[100.619,20.88],[100.623,20.859],[100.493,20.814],[100.407,20.824],[100.328,20.796],[100.248,20.73],[100.184,20.59],[100.122,20.317]]}},{"type":"Feature","properties":{"kind":"border","name":"Myanmar"},"geometry":{"type":"LineString","coordinates":[[98.211,10.953],[98.294,10.779],[98.272,10.74],[98.157,10.898],[98.081,10.887],[98.168,10.981],[98.211,10.953]]}},{"type":"Feature","properties":{"kind":"border","name":"Myanmar"},"geometry":{"type":"LineString","coordinates":[[98.182,9.934],[98.117,9.878],[98.139,9.974],[98.222,10.045],[98.29,10.052],[98.283,10.007],[98.182,9.934]]}},{"type":"Feature","properties":{"kind":"border","name":"Myanmar"},"geometry":{"type":"LineString","coordinates":[[98.222,11.479],[98.218,11.457],[98.186,11.472],[98.2,11.568],[98.301,11.783],[98.308,11.722],[98.265,11.524],[98.222,11.479]]}},{"type":"Feature","properties":{"kind":"border","name":"Myanmar"},"geometry":{"type":"LineString","coordinates":[[98.517,11.904],[98.474,11.899],[98.466,12.085],[98.524,12.005],[98.61,11.956],[98.517,11.904]]}},{"type":"Feature","properties":{"kind":"border","name":"Myanmar"},"geometry":{"type":"LineString","coordinates":[[98.553,11.745],[98.528,11.538],[98.434,11.568],[98.376,11.792],[98.524,11.805],[98.553,11.745]]}},{"type":"Feature","properties":{"kind":"border","name":"Myanmar"},"geometry":{"type":"LineString","coordinates":[[98.412,12.599],[98.47,12.571],[98.459,12.474],[98.38,12.354],[98.315,12.337],[98.333,12.512],[98.301,12.611],[98.312,12.679],[98.398,12.647],[98.412,12.599]]}},{"type":"Feature","properties":{"kind":"border","name":"Myanmar"},"geometry":{"type":"LineString","coordinates":[[98.135,12.151],[98.074,12.165],[98.038,12.233],[98.07,12.292],[98.121,12.279],[98.135,12.151]]}},{"type":"Feature","properties":{"kind":"border","name":"Myanmar"},"geometry":{"type":"LineString","coordinates":[[94.478,15.946],[94.413,15.849],[94.388,15.994],[94.496,16.076],[94.6,16.206],[94.618,16.142],[94.568,16.019],[94.478,15.946]]}},{"type":"Feature","properties":{"kind":"border","name":"Myanmar"},"geometry":{"type":"LineString","coordinates":[[97.574,16.253],[97.538,16.241],[97.48,16.305],[97.469,16.461],[97.541,16.505],[97.581,16.486],[97.599,16.43],[97.574,16.253]]}},{"type":"Feature","properties":{"kind":"border","name":"Myanmar"},"geometry":{"type":"LineString","coordinates":[[93.689,18.683],[93.675,18.675],[93.57,18.76],[93.488,18.868],[93.617,18.888],[93.743,18.866],[93.747,18.808],[93.689,18.683]]}},{"type":"Feature","properties":{"kind":"border","name":"Myanmar"},"geometry":{"type":"LineString","coordinates":[[93.491,19.892],[93.513,19.755],[93.444,19.807],[93.419,19.878],[93.412,19.951],[93.491,19.892]]}},{"type":"Feature","properties":{"kind":"border","name":"Myanmar"},"geometry":{"type":"LineString","coordinates":[[93.714,19.558],[93.83,19.475],[93.876,19.48],[93.945,19.428],[93.934,19.366],[93.902,19.333],[93.815,19.298],[93.758,19.326],[93.732,19.416],[93.642,19.494],[93.714,19.558]]}},{"type":"Feature","properties":{"kind":"border","name":"Myanmar"},"geometry":{"type":"LineString","coordinates":[[98.542,10.962],[98.52,10.96],[98.499,10.963],[98.477,10.979],[98.528,11.087],[98.542,10.962]]}},{"type":"Feature","properties":{"kind":"border","name":"Myanmar"},"geometry":{"type":"LineString","coordinates":[[98.074,11.693],[98.085,11.637],[98.02,11.696],[98.009,11.861],[98.06,11.757],[98.081,11.733],[98.074,11.693]]}},{"type":"Feature","properties":{"kind":"border","name":"Myanmar"},"geometry":{"type":"LineString","coordinates":[[98.067,12.39],[98.002,12.279],[97.937,12.345],[97.991,12.394],[98.067,12.39]]}},{"type":"Feature","properties":{"kind":"border","name":"Myanmar"},"geometry":{"type":"LineString","coordinates":[[98.315,13.099],[98.308,12.934],[98.258,13.014],[98.254,13.189],[98.265,13.203],[98.315,13.099]]}},{"type":"Feature","properties":{"kind":"border","name":"Myanmar"},"geometry":{"type":"LineString","coordinates":[[94.805,15.819],[94.784,15.793],[94.744,15.812],[94.733,15.823],[94.827,15.934],[94.838,15.892],[94.805,15.819]]}},{"type":"Feature","properties":{"kind":"border","name":"Myanmar"},"geometry":{"type":"LineString","coordinates":[[93.009,19.925],[93.023,19.829],[92.976,19.867],[92.912,19.999],[92.915,20.086],[92.958,20.046],[93.009,19.925]]}},{"type":"Feature","properties":{"kind":"border","name":"Bhutan"},"geometry":{"type":"LineString","coordinates":[[91.634,27.759],[91.58,27.612],[91.594,27.558],[91.742,27.443],[91.99,27.45],[92.084,27.291],[92.03,27.214],[91.994,27.1],[92.069,26.975],[92.073,26.916],[92.051,26.876],[91.997,26.855],[91.842,26.853],[91.673,26.803],[91.518,26.808],[91.457,26.867],[91.428,26.867],[91.288,26.791],[91.133,26.803],[90.741,26.772],[90.561,26.796],[90.345,26.89],[90.204,26.848],[90.122,26.754],[89.765,26.702],[89.61,26.719],[89.61,26.763],[89.585,26.778],[89.333,26.848],[89.149,26.817],[89.041,26.865],[88.858,26.961],[88.836,27.065],[88.739,27.176],[88.761,27.218],[88.883,27.298],[88.948,27.464],[89.103,27.593],[89.16,27.711],[89.481,28.06],[89.538,28.108],[89.751,28.188],[89.815,28.256],[89.981,28.311],[90.348,28.244],[90.363,28.216],[90.334,28.094],[90.352,28.08],[90.716,28.072],[90.906,28.027],[91.022,27.969],[91.079,27.975],[91.227,28.072],[91.274,28.079],[91.367,28.021],[91.605,27.952],[91.641,27.923],[91.634,27.759]]}},{"type":"Feature","properties":{"kind":"border","name":"Bangladesh"},"geometry":{"type":"LineString","coordinates":[[89.052,22.093],[89.049,22.275],[88.919,22.631],[88.901,22.843],[88.851,23.041],[88.93,23.187],[88.725,23.254],[88.703,23.293],[88.739,23.437],[88.595,23.602],[88.566,23.675],[88.699,24.003],[88.725,24.275],[88.642,24.326],[88.498,24.346],[88.397,24.39],[88.285,24.48],[88.224,24.461],[88.145,24.485],[88.023,24.628],[88.149,24.914],[88.314,24.881],[88.372,24.961],[88.455,25.188],[88.818,25.176],[88.89,25.195],[88.951,25.259],[88.944,25.291],[88.822,25.365],[88.768,25.49],[88.595,25.496],[88.501,25.537],[88.365,25.699],[88.253,25.789],[88.149,25.812],[88.084,25.888],[88.152,26.088],[88.44,26.369],[88.437,26.436],[88.35,26.483],[88.368,26.565],[88.419,26.572],[88.62,26.431],[88.681,26.353],[88.681,26.292],[88.829,26.252],[88.969,26.251],[88.98,26.285],[88.923,26.376],[88.951,26.412],[89.02,26.41],[89.067,26.377],[89.103,26.308],[89.11,26.202],[89.185,26.107],[89.369,26.006],[89.466,25.983],[89.549,26.006],[89.592,26.072],[89.585,26.187],[89.617,26.216],[89.671,26.214],[89.823,25.942],[89.801,25.839],[89.826,25.56],[89.797,25.376],[89.833,25.292],[90.438,25.157],[91.292,25.178],[91.479,25.141],[92.051,25.169],[92.375,25.015],[92.469,24.944],[92.487,24.904],[92.444,24.85],[92.253,24.895],[92.228,24.881],[92.228,24.772],[92.102,24.409],[92.066,24.374],[91.95,24.357],[91.878,24.195],[91.846,24.174],[91.774,24.211],[91.727,24.206],[91.526,24.091],[91.367,24.093],[91.335,24.018],[91.23,23.921],[91.162,23.661],[91.166,23.581],[91.256,23.374],[91.317,23.105],[91.367,23.074],[91.371,23.199],[91.436,23.201],[91.511,23.034],[91.554,22.992],[91.619,22.98],[91.752,23.053],[91.774,23.107],[91.756,23.287],[91.788,23.36],[91.94,23.504],[91.929,23.687],[92.044,23.678],[92.152,23.721],[92.188,23.676],[92.246,23.683],[92.336,23.324],[92.361,22.93],[92.49,22.685],[92.584,21.94],[92.595,21.468],[92.631,21.307],[92.57,21.263],[92.541,21.32],[92.332,21.44],[92.278,21.428],[92.21,21.359],[92.181,21.293],[92.192,21.202],[92.213,21.112],[92.264,21.062],[92.325,20.791],[92.055,21.175],[92.008,21.685],[91.914,21.883],[91.824,22.228],[91.864,22.35],[91.796,22.298],[91.695,22.504],[91.529,22.708],[91.482,22.798],[91.479,22.885],[91.41,22.798],[91.216,22.642],[91.151,22.614],[90.946,22.596],[90.827,22.721],[90.633,23.095],[90.654,23.273],[90.604,23.591],[90.561,23.537],[90.557,23.421],[90.269,23.456],[90.392,23.367],[90.521,23.346],[90.59,23.267],[90.597,23.135],[90.467,23.055],[90.478,22.987],[90.554,22.905],[90.46,22.881],[90.435,22.753],[90.5,22.635],[90.489,22.59],[90.597,22.435],[90.615,22.362],[90.59,22.258],[90.356,22.048],[90.287,21.899],[90.23,21.829],[90.158,21.817],[90.071,21.886],[90.089,22.017],[90.208,22.157],[89.956,22.024],[89.916,22.116],[89.895,22.308],[89.985,22.466],[89.88,22.388],[89.851,22.289],[89.866,22.173],[89.812,21.984],[89.758,21.919],[89.668,21.878],[89.567,21.767],[89.549,21.984],[89.484,22.275],[89.47,22.213],[89.502,21.914],[89.452,21.82],[89.355,21.722],[89.236,21.722],[89.167,21.784],[89.095,21.873],[89.052,22.093]]}},{"type":"Feature","properties":{"kind":"border","name":"Bangladesh"},"geometry":{"type":"LineString","coordinates":[[91.151,22.175],[91.043,22.105],[91.079,22.52],[91.158,22.366],[91.18,22.282],[91.151,22.175]]}},{"type":"Feature","properties":{"kind":"border","name":"Bangladesh"},"geometry":{"type":"LineString","coordinates":[[91.558,22.383],[91.511,22.353],[91.468,22.378],[91.41,22.475],[91.457,22.617],[91.558,22.383]]}},{"type":"Feature","properties":{"kind":"border","name":"Bangladesh"},"geometry":{"type":"LineString","coordinates":[[90.777,22.09],[90.604,22.055],[90.514,22.065],[90.68,22.327],[90.651,22.541],[90.564,22.617],[90.503,22.836],[90.597,22.864],[90.672,22.813],[90.737,22.638],[90.867,22.485],[90.831,22.161],[90.777,22.09]]}},{"type":"Feature","properties":{"kind":"border","name":"Bangladesh"},"geometry":{"type":"LineString","coordinates":[[91.875,21.833],[91.839,21.751],[91.821,21.81],[91.85,21.926],[91.882,21.883],[91.875,21.833]]}},{"type":"Feature","properties":{"kind":"border","name":"Bangladesh"},"geometry":{"type":"LineString","coordinates":[[91.95,21.508],[91.889,21.503],[91.86,21.532],[91.875,21.574],[91.857,21.709],[91.932,21.722],[91.95,21.683],[91.95,21.508]]}},{"type":"Feature","properties":{"kind":"border","name":"Bangladesh"},"geometry":{"type":"LineString","coordinates":[[90.644,22.963],[90.658,22.919],[90.604,22.945],[90.561,22.975],[90.536,23.015],[90.579,23.036],[90.644,22.963]]}},{"type":"Feature","properties":{"kind":"border","name":"Bahrain"},"geometry":{"type":"LineString","coordinates":[[50.608,25.883],[50.575,25.806],[50.467,25.966],[50.489,26.058],[50.453,26.19],[50.471,26.228],[50.586,26.24],[50.557,26.199],[50.611,26.124],[50.608,25.883]]}},{"type":"Feature","properties":{"kind":"border","name":"Azerbaijan"},"geometry":{"type":"LineString","coordinates":[[44.819,39.651],[44.768,39.703],[45.031,39.766],[45.125,39.696],[45.171,39.571],[45.254,39.595],[45.351,39.529],[45.456,39.495],[45.686,39.564],[45.783,39.545],[45.798,39.488],[45.765,39.378],[45.978,39.245],[45.953,39.179],[46.115,38.878],[45.575,38.972],[45.481,39.007],[45.337,39.139],[45.143,39.255],[44.819,39.651]]}},{"type":"Feature","properties":{"kind":"border","name":"Azerbaijan"},"geometry":{"type":"LineString","coordinates":[[48.869,38.436],[48.635,38.399],[48.591,38.411],[48.419,38.587],[48.26,38.642],[48.206,38.724],[48.023,38.819],[47.997,38.854],[47.994,38.884],[48.051,38.936],[48.242,38.979],[48.293,39.019],[48.275,39.099],[48.127,39.172],[48.105,39.241],[48.134,39.312],[48.321,39.399],[47.997,39.684],[47.893,39.686],[47.774,39.649],[47.475,39.498],[47.187,39.34],[46.989,39.18],[46.853,39.149],[46.554,38.904],[46.489,38.906],[46.489,39.069],[46.399,39.193],[46.55,39.201],[46.586,39.224],[46.367,39.403],[46.377,39.434],[46.478,39.476],[46.482,39.555],[46.323,39.618],[46.201,39.594],[45.863,39.809],[45.791,39.882],[45.578,39.977],[45.629,40.014],[45.884,40.024],[45.967,40.175],[45.963,40.234],[45.571,40.417],[45.456,40.533],[45.377,40.639],[45.38,40.673],[45.402,40.706],[45.578,40.804],[45.589,40.847],[45.42,40.986],[45.272,41.007],[45.071,41.076],[45.071,41.101],[45.189,41.127],[45.189,41.147],[45.085,41.196],[45.002,41.291],[45.279,41.449],[45.715,41.338],[45.697,41.29],[45.726,41.262],[45.92,41.187],[46.032,41.166],[46.172,41.198],[46.431,41.076],[46.536,41.088],[46.626,41.16],[46.673,41.286],[46.619,41.344],[46.305,41.508],[46.255,41.602],[46.205,41.613],[46.183,41.658],[46.201,41.738],[46.302,41.757],[46.431,41.89],[46.539,41.87],[46.572,41.8],[46.691,41.831],[46.748,41.812],[47.011,41.588],[47.144,41.515],[47.205,41.456],[47.259,41.316],[47.317,41.283],[47.522,41.229],[47.792,41.199],[47.861,41.213],[48.055,41.458],[48.3,41.545],[48.39,41.602],[48.573,41.845],[48.663,41.786],[49.052,41.375],[49.106,41.302],[49.225,41.026],[49.455,40.8],[49.776,40.583],[49.992,40.576],[50.183,40.505],[50.305,40.413],[50.366,40.279],[50.143,40.323],[49.92,40.316],[49.668,40.25],[49.553,40.194],[49.477,40.087],[49.416,39.84],[49.326,39.608],[49.362,39.349],[49.268,39.285],[49.2,39.073],[49.164,39.029],[49.121,39.003],[49.11,39.085],[49.013,39.134],[48.962,39.078],[48.854,38.838],[48.869,38.436]]}},{"type":"Feature","properties":{"kind":"border","name":"Azerbaijan"},"geometry":{"type":"LineString","coordinates":[[45.553,40.616],[45.564,40.649],[45.535,40.665],[45.477,40.649],[45.477,40.607],[45.553,40.616]]}},{"type":"Feature","properties":{"kind":"border","name":"Armenia"},"geometry":{"type":"LineString","coordinates":[[44.768,39.703],[44.559,39.887],[44.401,39.996],[44.289,40.04],[43.94,40.022],[43.667,40.127],[43.71,40.167],[43.609,40.356],[43.616,40.394],[43.569,40.482],[43.667,40.574],[43.713,40.647],[43.724,40.72],[43.631,40.929],[43.454,41.064],[43.44,41.107],[43.793,41.132],[44.228,41.213],[44.473,41.191],[44.84,41.212],[44.811,41.26],[45.002,41.291],[45.085,41.196],[45.189,41.147],[45.189,41.127],[45.071,41.101],[45.071,41.076],[45.272,41.007],[45.42,40.986],[45.589,40.847],[45.578,40.804],[45.402,40.706],[45.377,40.639],[45.571,40.417],[45.963,40.234],[45.967,40.175],[45.884,40.024],[45.629,40.014],[45.578,39.977],[45.791,39.882],[45.863,39.809],[46.201,39.594],[46.323,39.618],[46.482,39.555],[46.478,39.476],[46.377,39.434],[46.367,39.403],[46.586,39.224],[46.55,39.201],[46.399,39.193],[46.489,39.069],[46.489,38.906],[46.316,38.913],[46.169,38.87],[46.115,38.878],[45.953,39.179],[45.978,39.245],[45.765,39.378],[45.798,39.488],[45.783,39.545],[45.751,39.562],[45.611,39.55],[45.456,39.495],[45.351,39.529],[45.254,39.595],[45.171,39.571],[45.125,39.696],[45.031,39.766],[44.768,39.703]]}},{"type":"Feature","properties":{"kind":"border","name":"Armenia"},"geometry":{"type":"LineString","coordinates":[[45.553,40.616],[45.477,40.607],[45.477,40.649],[45.535,40.665],[45.564,40.649],[45.553,40.616]]}},{"type":"Feature","properties":{"kind":"border","name":"Afghanistan"},"geometry":{"type":"LineString","coordinates":[[66.523,37.349],[66.829,37.372],[67.07,37.335],[67.196,37.234],[67.319,37.21],[67.517,37.267],[67.546,37.236],[67.607,37.222],[67.7,37.227],[67.754,37.2],[67.765,37.141],[67.834,37.064],[67.96,36.972],[68.068,36.95],[68.212,37.021],[68.262,37.012],[68.298,37.089],[68.388,37.137],[68.546,37.184],[68.669,37.259],[68.824,37.271],[68.856,37.316],[68.91,37.333],[68.96,37.325],[69.266,37.108],[69.302,37.116],[69.414,37.208],[69.428,37.292],[69.4,37.399],[69.421,37.486],[69.493,37.554],[69.626,37.594],[69.821,37.609],[69.94,37.601],[70.044,37.547],[70.12,37.543],[70.188,37.582],[70.253,37.665],[70.257,37.766],[70.199,37.885],[70.213,37.924],[70.419,38.075],[70.617,38.335],[70.735,38.422],[70.879,38.457],[71.052,38.418],[71.257,38.307],[71.333,38.17],[71.283,38.009],[71.279,37.918],[71.319,37.901],[71.553,37.932],[71.581,37.91],[71.506,37.602],[71.434,37.127],[71.531,36.846],[71.596,36.733],[71.664,36.696],[71.801,36.695],[72.154,36.901],[72.359,36.983],[72.658,37.03],[72.759,37.172],[72.895,37.267],[73.381,37.462],[73.482,37.472],[73.72,37.418],[73.734,37.375],[73.716,37.33],[73.626,37.262],[73.655,37.24],[73.749,37.231],[74.166,37.33],[74.26,37.415],[74.35,37.418],[74.523,37.382],[74.659,37.394],[74.89,37.231],[74.767,37.248],[74.728,37.29],[74.371,37.158],[74.541,37.023],[74.04,36.826],[73.77,36.889],[73.119,36.868],[72.622,36.83],[72.251,36.734],[72.157,36.701],[72.096,36.634],[71.823,36.486],[71.772,36.432],[71.621,36.436],[71.232,36.122],[71.185,36.042],[71.398,35.88],[71.52,35.597],[71.571,35.547],[71.599,35.408],[71.545,35.328],[71.545,35.288],[71.621,35.182],[71.455,34.967],[71.293,34.868],[71.113,34.681],[71.067,34.599],[70.966,34.53],[71.023,34.431],[71.095,34.37],[71.092,34.12],[71.052,34.049],[70.847,33.981],[70.653,33.952],[70.325,33.96],[69.994,34.052],[69.889,34.007],[69.868,33.898],[70.134,33.62],[70.285,33.368],[70.26,33.288],[69.922,33.113],[69.569,33.065],[69.5,33.019],[69.454,32.834],[69.403,32.764],[69.407,32.683],[69.241,32.434],[69.281,31.936],[69.083,31.738],[68.975,31.667],[68.87,31.634],[68.784,31.646],[68.672,31.759],[68.597,31.802],[68.442,31.754],[68.161,31.802],[68.017,31.677],[67.74,31.549],[67.628,31.539],[67.578,31.507],[67.596,31.454],[67.733,31.379],[67.736,31.344],[67.452,31.235],[67.286,31.217],[67.117,31.243],[67.027,31.301],[66.923,31.306],[66.829,31.264],[66.732,31.195],[66.595,31.02],[66.397,30.912],[66.347,30.803],[66.286,30.608],[66.307,30.322],[66.282,30.193],[66.239,30.11],[66.246,30.044],[66.314,29.969],[66.232,29.865],[66.178,29.836],[65.094,29.56],[64.522,29.565],[64.392,29.544],[64.172,29.461],[64.1,29.391],[63.568,29.499],[62.477,29.409],[60.842,29.858],[61.786,30.832],[61.811,30.914],[61.814,31.073],[61.757,31.285],[61.66,31.382],[60.821,31.495],[60.792,31.66],[60.788,31.986],[60.828,32.249],[60.562,33.059],[60.562,33.137],[60.716,33.323],[60.918,33.505],[60.907,33.538],[60.655,33.561],[60.572,33.589],[60.511,33.639],[60.486,33.712],[60.526,33.842],[60.486,34.094],[60.644,34.308],[60.889,34.32],[60.727,34.518],[60.738,34.545],[60.803,34.554],[60.95,34.653],[60.958,34.71],[61.08,34.856],[61.069,34.922],[61.148,35.094],[61.102,35.273],[61.188,35.313],[61.278,35.514],[61.264,35.62],[61.346,35.629],[61.422,35.545],[61.62,35.432],[61.721,35.419],[61.984,35.443],[62.214,35.29],[62.272,35.189],[62.308,35.17],[62.387,35.231],[62.462,35.252],[62.61,35.233],[62.689,35.255],[63.056,35.446],[63.118,35.637],[63.168,35.679],[63.107,35.818],[63.128,35.846],[63.301,35.858],[63.863,36.012],[64.01,36.012],[64.043,36.024],[64.05,36.068],[64.093,36.113],[64.36,36.226],[64.511,36.34],[64.565,36.427],[64.817,37.132],[65.09,37.238],[65.555,37.252],[65.641,37.467],[65.764,37.569],[66.109,37.415],[66.523,37.349]]}},{"type":"Feature","properties":{"kind":"border","name":"Siachen Glacier"},"geometry":{"type":"LineString","coordinates":[[77.05,35.11],[76.765,35.662],[77.089,35.552],[77.446,35.476],[77.799,35.497],[77.05,35.11]]}}]}